username,num_roles,content_count
Ernest_of_Gaia,2,2040.0
The Psych Guy,8,1395.0
frogmonkee,1,991.0
angyts ğŸ´,2,633.0
Sponge,1,493.0
NFThinkerğŸ´,1,487.0
Above Average Joe,4,477.0
hirokennelly.eth ğŸ´,2,450.0
jordaniza,1,420.0
addamsson,1,348.0
brianl ğŸ´,7,343.0
Airbayer | Bankless DAOğŸ´,2,332.0
ManuelMaccouğŸ´,2,328.0
fin4thepeople,1,272.0
Trewkat,7,255.0
thinkDecade,5,242.0
Liquidiot,7,227.0
Slinkypotato,2,224.0
Ap0ll0517.ethğŸ´,2,220.0
hashedMae,1,211.0
Ts words,4,210.0
0xLucas,1,198.0
Chrisfcrypto.eth ğŸ´,2,192.0
oorrnneellaa,6,188.0
EthHunterÂ ğŸ´,2,180.0
links,2,177.0
Nittra ğŸ¸,2,166.0
McKethanor ğŸ´,1,165.0
"""omen""",1,161.0
Behold,2,155.0
KenMan   ğŸ´,5,155.0
DavidBankless,1,155.0
FreedomFighter ğŸ´,1,148.0
Asturias ğŸ´,6,145.0
ZrowGz,2,134.0
JokerDelMar,1,127.0
Bo | Bankless DAO ğŸ´,7,125.0
Droste ğŸ´,1,122.0
Blackfyre,2,122.0
DoubleB ğŸ´,3,104.0
Mamer,3,95.0
tesa_daa,1,93.0
kbuger,2,92.0
CrumbDumpster,1,87.0
EurekaJohn,1,85.0
Jon Otherbright | BFR & TDGFR,1,78.0
Theophile ğŸ´,3,77.0
paulDE,1,77.0
"Nakamomo(?, ?)",1,75.0
Cosmic Clancy,2,73.0
"Katarina (3,3)",1,73.0
jalaj719,1,72.0
Sorolla_ ğŸ´,1,71.0
Adi G,3,68.0
pilkster,1,65.0
RedVan | Bankless DAO ğŸ´,1,60.0
SchwarzeKatze,1,58.0
HomelessğŸ´,2,58.0
Tiki,8,52.0
Lowcarb,2,51.0
EddieX,6,50.0
lunarlander,6,47.0
Reinis,1,45.0
SNode,1,44.0
taxpanda,6,44.0
volky ğŸ´,1,42.0
garywolf,1,41.0
Tayy,3,41.0
Dane,4,40.0
zywwqq,2,40.0
Steff,4,39.0
TheRG,2,39.0
Taiichi,4,38.0
kayla,3,38.0
MZH,1,38.0
Dutchdamage,2,38.0
okiave,6,37.0
alexdw5,1,36.0
MC10,2,36.0
Rox.,1,36.0
ğŸ“Î,1,35.0
Chaosed,1,34.0
Sinjun,1,34.0
laurÎnt,1,34.0
NeoLogos,2,34.0
Alvo von A,1,34.0
anabelen,2,34.0
Barzul,2,34.0
chuck25,1,33.0
COSMOBURN.eth,1,33.0
kalex1138.eth,1,33.0
JonValjonathan.eth,4,33.0
Lalocripto.eth,4,33.0
hodl,1,33.0
Usuaâ— Silver,1,32.0
yacht_tea_Ed,1,32.0
0xJustice,1,32.0
ZimTeemo,1,30.0
mecurza,1,30.0
welovecolors,1,30.0
shadowmonarch.ethğŸ´,1,29.0
fi_bo,1,29.0
OpenFi | Bankless DAO ğŸ´,1,29.0
blackwhite,1,28.0
EricCMack,4,27.0
flowscience,5,27.0
Bripe Juicero,7,27.0
stkr4lv,2,27.0
PENG ğŸ”ºğŸŒğŸŒ–âš¡ğŸ´,1,27.0
Tschentsch,1,26.0
joaoh9,3,26.0
Kriti,2,26.0
DJ_FloydoBlyatt,1,26.0
Audy922,1,26.0
brydeadhead,1,26.0
metamynx,6,26.0
Kez Legs,2,25.0
theoxherder.eth ğŸ´,1,25.0
Danae ğŸ´,1,24.0
gioserğŸ´,4,23.0
Miao,6,23.0
chkaloon,1,22.0
husker.eth,1,22.0
alcibiades.eth,1,22.0
Rock Lobstah,4,22.0
Joel,1,22.0
wolfehr,2,22.0
hjulorius,1,21.0
TohlHouseCookie,1,21.0
ttdegg123,5,21.0
jf52967091,5,21.0
blitzio,3,21.0
nicoconiğŸ´,2,21.0
GhostisAave,7,20.0
Muninn,5,20.0
emnul.eth,5,20.0
terumask,4,19.0
CharlieB,1,19.0
cryptodad,2,19.0
James | Fractional Finance,4,19.0
fanriver,2,19.0
rajkaria,6,18.0
Romko,3,18.0
Gabion18,6,18.0
Art By Ashley,2,18.0
osk,6,17.0
ivan7538ğŸ´,4,17.0
sebastiandm,2,17.0
sergioarizav.eth,1,16.0
cyclist,4,16.0
Oxus,3,16.0
ebert,1,16.0
thebig,5,15.0
David (please DYOR...),2,15.0
Gandsy,6,15.0
maxluck.eth,5,15.0
AdvantageBlockchain,1,15.0
laflame,1,14.0
manas,1,14.0
BorisSchickedanz.eth,1,14.0
accua,1,14.0
dill.eth,1,14.0
thiaoouba,1,14.0
Bliss,1,13.0
0xJoshua,1,13.0
Henrik,5,13.0
ffstrauf | UTC +11,1,13.0
AZ,6,13.0
Reese,4,13.0
unkfunk,1,13.0
MantisClone,1,12.0
yogesh,4,12.0
0xAnimal | POAP Master,1,12.0
duke.eth,1,12.0
newfuture.eth,6,12.0
komuzchu,4,12.0
junglerush.eth ğŸ´,1,11.0
icaroavelar,1,11.0
tmk1221,1,11.0
MinimalGravitas ğŸ´,1,11.0
sxi,3,11.0
bergastroka,1,11.0
SAV,1,11.0
QZ,5,11.0
Ell,1,11.0
Danizord,1,11.0
louis - albiverse,4,10.0
mgoesdistance.eth,1,10.0
JaydaoğŸ´,1,10.0
jdubbs1381,5,10.0
pureresearch,1,10.0
bfa,5,10.0
ChunLi888,6,10.0
rach.el,1,10.0
kkaminsk ğŸ´,2,10.0
Timigraphicks,3,10.0
joey_magia ğŸ´,1,9.0
calavera,1,9.0
emozilla,1,9.0
chriscord,1,9.0
JoshuaKayce,1,9.0
Lizt,1,9.0
laopaoeth,2,9.0
Burtrico,1,9.0
Emgrazie,3,9.0
GuyğŸ´,1,9.0
anna-marie,1,9.0
ChrisL,6,9.0
EseTeLopez,1,9.0
Etti,4,8.0
DiscoDancin,2,8.0
torgostheme,2,8.0
AliceolaCrypto,1,8.0
DaddyMatty,3,8.0
EGR_wordlife,4,8.0
Robb,1,8.0
theban,2,8.0
jaygfxtribe,4,8.0
benlxyz,2,8.0
GalPe,1,8.0
salova,2,8.0
astoneta,6,8.0
Ines,2,8.0
crypto zombie,1,8.0
Daoist,5,8.0
Jazzy-chill,2,8.0
Binn,6,8.0
Ensi.eth,3,8.0
TheWeeknd08,4,7.0
Killmonger,5,7.0
c99,1,7.0
T3r_r0fo_R8m,1,7.0
McKay,5,7.0
Zilla_Don,2,7.0
Ssasho0 ğŸ´,2,7.0
boris_be,1,7.0
Nostrodamu5,5,7.0
tomtranmer - tranmer.eth,4,7.0
Diego_EtherAddict,4,7.0
Mads,2,7.0
FierceGull,4,7.0
Tunsky107.eth,1,7.0
Culture Clap,3,7.0
kohei,5,7.0
CryptoAccord,1,7.0
aegontarg,5,7.0
Bachan,1,7.0
shrimple,3,7.0
Mark O'Sullivan,4,7.0
xdamman,5,7.0
Raf,5,7.0
Tertius,1,6.0
WindWhile,6,6.0
reeves,1,6.0
Coffee & Crypto,1,6.0
twoeggs,3,6.0
bayardthewolf,1,6.0
slothkins,1,6.0
rocknstones,6,6.0
Andruno,5,6.0
patman needs no robin,1,6.0
iGolle,1,6.0
3lit3,6,6.0
Kaustubh,6,6.0
ovaaq,2,6.0
andyszy,1,6.0
Alex_S,1,6.0
anita,4,6.0
TimBalabuch.Îth,1,6.0
Uppercut,3,6.0
aryanjain,1,6.0
RurikFire,2,6.0
DugaG23,4,6.0
Suloo,4,6.0
AustinFoss,5,6.0
seaweedseaswimmer,6,6.0
Bloodreaper,5,5.0
perritoDOG,4,5.0
JianDa,4,5.0
Sheun4u,4,5.0
Bludex,1,5.0
Anrelins,5,5.0
melon lord,1,5.0
Lycan,1,5.0
shu5,3,5.0
wefromstars,5,5.0
retti.ethğŸ‘£ğŸ´,1,5.0
sufo,1,5.0
Boosteau,5,5.0
Tarra,1,5.0
AzOgZ,5,5.0
Stef,1,5.0
Devin_S,1,5.0
Wonder,6,5.0
GC,1,5.0
Stim_simpsons,1,5.0
DrNick,3,5.0
mario lopes,1,5.0
Jensinious,1,5.0
Lin,3,5.0
John3975,1,5.0
30abeeguy,2,5.0
Chapter10.x,1,5.0
SalmonCrunchzz,1,5.0
orishim,1,5.0
fakeTiki,7,5.0
moonsafari_,5,5.0
NoQuarter4U,1,5.0
jasonli,1,4.0
Neel,3,4.0
burr,1,4.0
thor314,1,4.0
JBaptiste,5,4.0
rdelatowerğŸ´,1,4.0
frankun,1,4.0
alacrity,1,4.0
roam,1,4.0
Dave | Eco,4,4.0
ancienciq,1,4.0
ERebels,4,4.0
mohanlal,1,4.0
Original JoaquÃ­n,3,4.0
Cryptodrifter.eth,6,4.0
Dhannte,2,4.0
B3ARhunter,1,4.0
Chris_90,1,4.0
Mai WILL NEVER DM YOU 1ST,1,4.0
nftbits.eth,1,4.0
VeganHODL,4,4.0
arose,1,4.0
adityataday,2,4.0
Aiimen,1,4.0
davidbm,5,4.0
beeman,5,4.0
Miguel Buffara,1,4.0
Chris2pherChase,6,4.0
MEHDIAG,2,4.0
mrid.eth,4,4.0
zapnap,1,4.0
Marc Johnson,5,4.0
andy|2149.io,1,4.0
derk23,6,4.0
intergalactictrashcompactor,1,4.0
wbeuil,6,4.0
hersh4786,2,4.0
klinko,1,4.0
xSlomenXãƒ„,2,3.0
buller42,5,3.0
KD,1,3.0
abonhomme,1,3.0
DrGoodVibes.eth,1,3.0
Brian Sander,1,3.0
Corw,6,3.0
TheRightOne,2,3.0
ChopNoc,1,3.0
commam7109,6,3.0
iamxen1,4,3.0
Jim S,2,3.0
space-yeti,5,3.0
nightmaredevil_24,1,3.0
Karak,1,3.0
kaxline,2,3.0
"yal j (tres,tree)",5,3.0
daodash_bot,8,3.0
CryptatoğŸ„,1,3.0
t3rtium,3,3.0
klobbermeister,5,3.0
Derrick,1,3.0
TRUTH,1,3.0
BigSmoke,5,3.0
uniforth,1,3.0
coincidence,4,3.0
Eason,1,3.0
influenza,6,3.0
marc,5,3.0
WaKa,4,3.0
emsu,6,3.0
88robbo,2,3.0
arch,1,3.0
RonaldPhone | elmit-ai.eth,5,3.0
noahxlaurent,1,3.0
DoneDealDicsord,2,3.0
Qaybac,1,3.0
Cameron,1,3.0
perbruno,6,3.0
"zirenz(ğŸ‘¾, ğŸ‘¾)",5,3.0
yoni9091,1,3.0
gno.thyself,1,3.0
threepanelcrimes,1,3.0
"ING (58,-24)",1,3.0
miloops,1,3.0
ahdai,5,3.0
ke,4,3.0
kodysale,5,3.0
Reisr,1,3.0
Anonymouse,3,3.0
Shoosh,1,3.0
raz,1,3.0
WGMImom,1,3.0
rodolfusá´³á´³,1,3.0
Achillesfleece,1,3.0
sailin,1,3.0
ImQuokka,1,3.0
"Sir Tweakalot (ğŸŒ²,ğŸŒ²)",1,3.0
JayField,4,3.0
Kal,1,3.0
Lionking,6,3.0
Bitkubintern,2,3.0
Sj,6,3.0
BerZerk,6,3.0
andres_sidek369,1,2.0
BlueMagic,1,2.0
alphazwest,1,2.0
sechtman,3,2.0
m4cd4r4,2,2.0
jerminchi,1,2.0
Alogi,1,2.0
tauliiuu,6,2.0
eldrmozz,2,2.0
cristianfilimon,1,2.0
garfield,5,2.0
nix,1,2.0
CaptainPlanet,6,2.0
matt_the_infinite,6,2.0
david_w,1,2.0
VeachTech,1,2.0
Mike | EVOS,2,2.0
max,2,2.0
finnsss,4,2.0
Chingo,1,2.0
GolanTrevize,5,2.0
WilliamLee666,4,2.0
sukie,1,2.0
GU ÎLFI .eth ğŸ¦‡ğŸ”ŠğŸ´,1,2.0
Kahlil,1,2.0
chopstickpanda,5,2.0
marcel,1,2.0
sparfenyuk,1,2.0
ProfessionalCheerful,6,2.0
Buix90,1,2.0
yinfei,1,2.0
scottdavidmeyer,1,2.0
djl816,1,2.0
StarBoy,6,2.0
xan,1,2.0
beatsoup,1,2.0
Remy,1,2.0
ainsley.bl,4,2.0
Tsetso,4,2.0
Mr. Newton,5,2.0
mr.scientifik,2,2.0
DeFiDave,1,2.0
Irina Marinescu,1,2.0
The White Whale,1,2.0
KMG_Gwei,1,2.0
emmy,1,2.0
ElBinBit,1,2.0
ArcoiKun,1,2.0
Miguel Gomez,2,2.0
CryptoHamilton,3,2.0
0x0F,5,2.0
christorres,1,2.0
"Andro(ğŸµ,ğŸ˜¼)",2,2.0
CliffJ,1,2.0
JP,1,2.0
in4ra3d,1,2.0
iamdbc,6,2.0
Stoagie,1,2.0
autist_msg,1,2.0
dysko,1,2.0
SarahJKK,2,2.0
Hollywood41,1,2.0
klein,1,2.0
tayken,2,2.0
fitzgerald,2,2.0
satishkn4,1,2.0
Alchemist.,2,2.0
Chris-Beamish,1,2.0
cboz27,4,2.0
0x1,1,2.0
Phantom,1,2.0
FriedWagyu,1,2.0
mackan,1,2.0
Bonk,4,2.0
lehoff,4,2.0
LilChiChi,4,2.0
Lawwong,1,2.0
"Banana (ğŸ¶,ğŸ¶)",1,2.0
angelol,1,2.0
Feynman,1,2.0
Cryptnayor_Fennec Thug,1,2.0
Bruno Moniz,1,2.0
onedream,1,2.0
Larry the Cucumber,1,2.0
Gryphonboy [Master of Coin],5,2.0
_Brawndo,2,2.0
charliemarketplace.eth,1,2.0
onur ğŸ´,1,2.0
grey | ğŸŒâœ¨| est,1,2.0
"oldmate (3,3)",1,2.0
persu,1,2.0
spencerstensrude,1,2.0
Pritesh Trivedi,2,2.0
voska,1,2.0
gopeto,1,2.0
running,5,2.0
spratap,5,2.0
memes_n_stuff,5,2.0
cryptobilla,1,2.0
kauffdiggity,2,2.0
jayjitsunyc,1,2.0
moralcompass,1,2.0
LukaKrcmar,2,2.0
dixie,3,2.0
Luluislulu,1,2.0
louloulou,3,2.0
bJ,2,2.0
eli_,1,2.0
Domanost,5,2.0
nkhlghbl,1,2.0
sijo0703,1,2.0
sgdheeban,1,2.0
Matlemac,3,2.0
Z4Zoltan,1,2.0
aksÉ™l | DFE,2,2.0
coler,2,2.0
ningyuexin,1,2.0
keroro520,1,2.0
Crypto8bit,6,2.0
Sartre,1,2.0
ionutgighileanu,1,2.0
JeffyJeff,1,2.0
ozmel,5,2.0
Xs,5,2.0
8bitvc,3,2.0
Discord User,1,2.0
CookingCryptos,1,2.0
hulio,1,2.0
Josh Kelly,2,1.0
razorblade,1,1.0
Bane,4,1.0
Deadpolaroid.eth,1,1.0
Mr. Rock,1,1.0
jayjayRV ğŸ´,1,1.0
dcrazy,2,1.0
farsar666,1,1.0
yaffa,2,1.0
tucker,1,1.0
itsMarc.eth,1,1.0
Digimaverick,2,1.0
KyleBergquist,2,1.0
tabasko,1,1.0
chrisraz,4,1.0
gajesh,1,1.0
Metarishi | Artsect | Muse0,2,1.0
cryptodeft,4,1.0
chrisk,1,1.0
abhikaushal11,6,1.0
MarcinSPro,2,1.0
brizznook,6,1.0
inuke.eth,1,1.0
reloadedd,6,1.0
starlink,1,1.0
atlien,6,1.0
traderjoesofficial,1,1.0
JerryZ,2,1.0
uschtwill,2,1.0
KriptVal,1,1.0
"Hippo-Corleone (ğŸ©,ğŸ©)",1,1.0
0xBank,1,1.0
unlikely_comfort,1,1.0
bomber,1,1.0
ThePrincessğŸ´,2,1.0
knome,1,1.0
J Mason Bump,1,1.0
nf.carlo.acutis,1,1.0
Nickels,1,1.0
rizky.biz,1,1.0
birdman,3,1.0
Vortoxica,1,1.0
"articoloquinto (ğŸ‘¾,ğŸ‘¾)",1,1.0
Dralle,2,1.0
K2,1,1.0
stray,2,1.0
Wirinun,2,1.0
vitop70,1,1.0
tweetious,5,1.0
Chromatic,1,1.0
beanie,1,1.0
Ali,1,1.0
0xAl,4,1.0
roppongi.eth,1,1.0
Ksaynice,1,1.0
samuellbronko,1,1.0
antmn,2,1.0
max davinci,1,1.0
kbhard,2,1.0
OMID,6,1.0
kabirh,5,1.0
Sanctus,1,1.0
Eyancey,1,1.0
biko,1,1.0
Abhi,1,1.0
Hodldor,4,1.0
LIUYONGYOU,2,1.0
MEHUL,1,1.0
åˆ˜çš“ç„¶,2,1.0
btcallvictor ğŸ´,4,1.0
unknownplayer,4,1.0
bOredorn,1,1.0
kalaspuff,1,1.0
MBM0730,1,1.0
Huxwell | Cali,3,1.0
Qkyrie,1,1.0
tnfty,2,1.0
RyanBranch,2,1.0
homerblue,2,1.0
Daddy Pig!,1,1.0
lrnt,2,1.0
thore hildebrandt,1,1.0
gsnappy,1,1.0
korion2525,3,1.0
How1337ItIs,5,1.0
Sea,1,1.0
anaphant,1,1.0
unimaker,6,1.0
cococode,1,1.0
FallenIdols,1,1.0
ARKIIITÎKT,1,1.0
dangerboy,2,1.0
ShortCircuit,1,1.0
yashvanth kumar,1,1.0
CarolW,1,1.0
teemsei,1,1.0
c2yptic,2,1.0
bad_brad,3,1.0
King Hajj,1,1.0
uxspider,1,1.0
Joerdis95,1,1.0
brendanbiles,4,1.0
bagelchips.eth,3,1.0
kachinaKrypto,1,1.0
henrycing2008,1,1.0
daramir,3,1.0
DongD,1,1.0
buster,1,1.0
HailMary,2,1.0
Resertion,5,1.0
big bill phil,2,1.0
bozo(UTC +1),1,1.0
Imzsasz,6,1.0
Potplucker,2,1.0
Lyxe,1,1.0
ultrasound,2,1.0
CryptoFinatic,1,1.0
kattya,1,1.0
YvonneğŸƒ,1,1.0
Donut,1,1.0
csgui,4,1.0
chat-to-chi,1,1.0
"Dwayne ""The Jock"" Ronson",2,1.0
Tekima,4,1.0
leomanfrini,4,1.0
Stefanie,4,1.0
missymissyval,4,1.0
AG,5,1.0
xihari_liwei,1,1.0
swampcabbage,1,1.0
baristaze,4,1.0
Nxo,2,1.0
rangerrobbins,5,1.0
tannerevans,1,1.0
deydril,1,1.0
JÃ‰,1,1.0
"Ry_e (3,3)",1,1.0
Emile - (at)emilepetrone,1,1.0
rahan25,2,1.0
Panoukla,5,1.0
AB3784,1,1.0
jadesea,1,1.0
HarryNiu,1,1.0
"Malbec (ğŸ¶, ğŸ¶)",4,1.0
maxgeo,1,1.0
mycoBici,1,1.0
Stilmill,2,1.0
sertac,4,1.0
k0er,1,1.0
HighwarlokğŸ´,3,1.0
3dmindseye,5,1.0
kibbyku,3,1.0
Doyy,2,1.0
carlton banks,1,1.0
damakadam,5,1.0
Nadia,3,1.0
binks,1,1.0
bearryseinfeld,3,1.0
ZHUANG,2,1.0
jgstokes3,1,1.0
Cesar,2,1.0
sidjohn,1,1.0
tobowers | Crypto Colosseum,1,1.0
Robert U.,3,1.0
cryptozen,5,1.0
Mihai,2,1.0
Adelf Menezes,1,1.0
rimsy_rimmer,2,1.0
puncar,1,1.0
mona,1,1.0
masroorhussnain,2,1.0
Hebe,1,1.0
devth,2,1.0
0xe77.eth,2,1.0
aufond77,1,1.0
bliggityblah,5,1.0
brandonkpbailey,1,1.0
wackerow,1,1.0
Nata,1,1.0
Netling,2,1.0
Mojo,1,1.0
Tigo,1,1.0
astroboy,5,1.0
eugenptr.eth,5,1.0
0xKelvin,1,1.0
seseWho,5,1.0
Valirini,2,1.0
blockbelly,2,1.0
rodgco,1,1.0
Aziz,1,1.0
ericosiu,1,1.0
Davidâ€”West,1,1.0
DMoon-PM,1,1.0
TheZuGuy,2,1.0
upthespurs,2,1.0
atif,1,1.0
TomicShill,1,1.0
Julian,6,1.0
Neeraj,1,1.0
Loobi,1,1.0
vikiii,1,1.0
Brock,3,1.0
PlayChessAndScrew,2,1.0
Polaske,5,1.0
Infinite62,1,1.0
Clavis,2,1.0
Jazozo,1,1.0
Aletsblancas,5,1.0
Phoebe,1,1.0
Malcolm,1,1.0
Peruner ğŸ´,1,1.0
baez,1,1.0
jmefrisco,1,1.0
hongjun,4,1.0
rony,1,1.0
JB,1,1.0
cornboss,1,1.0
Styx,4,1.0
Cass,3,1.0
0xSmartCrypto,2,1.0
CyrptoCaygeon,1,1.0
Monmon97,1,1.0
jordakas,1,1.0
hardtotell,1,1.0
vakgadde,1,1.0
Travin,1,1.0
SoccerInnit,5,1.0
dyccue,4,1.0
Tortuga â€œSlow Handâ€,1,1.0
topfly,5,1.0
fbitti,1,1.0
fidel,1,1.0
tuvok79,6,1.0
Tyler S | TradFi to DeFi,4,1.0
Raphbaph,1,1.0
Ryuusenka,1,1.0
HIRO51,3,1.0
DavidRM,5,1.0
pratikrenuse,1,1.0
Fer Lutz,2,1.0
andersonha,1,1.0
Quokaa,4,1.0
MixMastaMikeyB,1,1.0
ehodges,2,1.0
duoduoliu,1,1.0
magicturtle,1,1.0
shinobi242.eth,2,1.0
ANDRÎ,4,1.0
jimdrang,1,1.0
Spaghettios,1,1.0
Kairon,1,1.0
kimster,1,1.0
Blue0x,1,1.0
chriba,6,1.0
Kuba,1,1.0
Tam2140,5,1.0
Alex Z,1,1.0
d$,5,1.0
juzcho,1,1.0
themez,5,1.0
Fabsch1004,1,1.0
Codon,5,1.0
Raiden,4,1.0
nimdaron,3,1.0
Sukriti,5,1.0
mister_sinister,1,1.0
goodenough,2,1.0
shylesh,1,1.0
drdre,6,1.0
Peetzweg,2,1.0
AMIIC,2,1.0
Pineapple,5,1.0
joer,4,1.0
rajeev0hack,6,1.0
kameir,1,1.0
0xFrito,2,1.0
chshe,2,1.0
asa.log,1,1.0
Bibilieli,2,1.0
Cornbread,2,1.0
Setsukousa,1,1.0
Slasher,1,1.0
skoff,1,0.0
aaronisme,2,0.0
Annie Jack,1,0.0
sclark,1,0.0
Ash_Buttcheeks,1,0.0
Sirberto,2,0.0
maxwell,4,0.0
parrisase,4,0.0
DrumSmith,5,0.0
ZolaG,4,0.0
graucaruso,1,0.0
4midori,1,0.0
melvin,1,0.0
slim trashman,2,0.0
Thibert,6,0.0
Mr_Charting,1,0.0
blaze,2,0.0
electronic_lychee,2,0.0
brockharbor,1,0.0
Bonez,1,0.0
Vchoy,1,0.0
JossepT707,5,0.0
Jk,2,0.0
LeoRivas,1,0.0
Dejwid,1,0.0
Coco Hammer,1,0.0
martinÎ,1,0.0
MyNft,2,0.0
insidetrader,6,0.0
rahu,1,0.0
derky,1,0.0
joopeter,1,0.0
dmars300,3,0.0
BenMW,2,0.0
"AdrienBns(1,1)",1,0.0
Da Mandem,1,0.0
makinmarkets.eth NOT A SECURITY,1,0.0
The_Seadragon,3,0.0
nickytonline,1,0.0
Larc_,5,0.0
iamonuwa,1,0.0
Dutchy,4,0.0
saiteja,2,0.0
Fourie,2,0.0
Mr Chips,1,0.0
SamuraiKenobi,5,0.0
theroyaltbomb,1,0.0
MarceloMC,2,0.0
amy777,1,0.0
kipto,2,0.0
The Rorschach Imperative,2,0.0
maxfactor,1,0.0
gezzer,1,0.0
eestrada234,1,0.0
cooliomilkman,4,0.0
TerryC,2,0.0
jAIME,1,0.0
ZeroSumGain,2,0.0
Mark Kwon Do,1,0.0
dfgfd,1,0.0
data_sailor,2,0.0
nicvic,1,0.0
bili,2,0.0
jtriley.eth,2,0.0
ashurasincarnate,1,0.0
Joshua Lee,1,0.0
wolverinetiger,2,0.0
metamas,3,0.0
BUBB,2,0.0
irmndptr,3,0.0
stefanv,2,0.0
Chainhead/Wardog,1,0.0
cÃ¡ssius,2,0.0
BillyJoeBeans,2,0.0
jonathanmann,1,0.0
Mettodo,1,0.0
Nate | EthsideMafia,2,0.0
gabbi75,1,0.0
ask.ivan,4,0.0
Phil,2,0.0
natochi,2,0.0
maiirawr,1,0.0
Hipostazus,1,0.0
donmuseli,1,0.0
svv279,1,0.0
SpaceTraveler,1,0.0
taipeitiger,4,0.0
timw.eth,2,0.0
Atlmapper,2,0.0
Lobo,1,0.0
patmacs,1,0.0
steven111,1,0.0
bam,2,0.0
mr-ash,1,0.0
LloydDankfein,2,0.0
TruTaing,4,0.0
Lisa,1,0.0
luizgonsales,1,0.0
Myou,2,0.0
Yury,1,0.0
Molarios,4,0.0
cheezz,1,0.0
Mycaleum,4,0.0
Hrld J,1,0.0
willworth,1,0.0
charlie-t,4,0.0
yogacid,3,0.0
Fms,1,0.0
Kram2,1,0.0
ameNo,5,0.0
adamharder,1,0.0
RTIII,1,0.0
Piquet,1,0.0
Quantum,2,0.0
CapitÃ¡n Capibara,1,0.0
Lin,2,0.0
presco,1,0.0
AlbuterolSulfate,1,0.0
AwisemanInNotion,6,0.0
Borkiewrld,1,0.0
phox,4,0.0
simonwei,2,0.0
Elty,1,0.0
Cryptoqu33n,1,0.0
woody,2,0.0
Dee_awesome1,1,0.0
darkerpinkins,1,0.0
serenity,1,0.0
BlueShowZ,1,0.0
"0xSolinho (3,3)",2,0.0
sdiviney,2,0.0
Statistician,2,0.0
Archie,1,0.0
Leafio,4,0.0
neo,1,0.0
lucaspon,2,0.0
acha12345,2,0.0
Voordeur,3,0.0
Hefner132,2,0.0
drewb,1,0.0
moprojoker,1,0.0
Samuele Onelia,1,0.0
JackyClub,2,0.0
brian1817,2,0.0
harrywilson,2,0.0
kahverengi,1,0.0
idkanymore,1,0.0
ZaK3939,1,0.0
funben123,1,0.0
EdwardAries,3,0.0
eltrinco92,1,0.0
InfoRemix,1,0.0
g2entgroup,2,0.0
njwiv,1,0.0
muuuicoin,2,0.0
mottyl,4,0.0
Nonemoreblack20,3,0.0
Crossheen,1,0.0
bansalsudeep,3,0.0
LX,1,0.0
angrypc,4,0.0
Filip,4,0.0
dopernicus,5,0.0
matrixPanda,1,0.0
hmoody,1,0.0
bfs,1,0.0
stanislav,1,0.0
tsinouye,5,0.0
Awesome,2,0.0
Pratham,2,0.0
checho,2,0.0
Shade,1,0.0
daebak,1,0.0
Duke Silver,1,0.0
sem-x,1,0.0
denissboid,2,0.0
stockbasedcomp,1,0.0
mataleone,1,0.0
Kthxbye,5,0.0
esotterik.eth,1,0.0
kidtans,1,0.0
daoboymatt,1,0.0
omni,1,0.0
frederik,1,0.0
Stretchaletch,1,0.0
Jacopo Ethereum Italia,2,0.0
Iced Mocha,2,0.0
taoi,1,0.0
Moors,1,0.0
Kong,2,0.0
Nittyberry1,1,0.0
Fudorec,1,0.0
Shred,1,0.0
MBO,1,0.0
bshek,1,0.0
druids,1,0.0
ChosenUndead,1,0.0
CallMeBeagles,4,0.0
ryuken76,1,0.0
B-Love.co,4,0.0
Javier,1,0.0
zimzayin,5,0.0
flipper,3,0.0
"apesop_rocky (3,3) (ğŸ±,ğŸ±)",5,0.0
astronomically soft,1,0.0
cryptoknight,1,0.0
bystro,1,0.0
nZk.Zoe,1,0.0
SON of OGUN,2,0.0
Ollie,2,0.0
pAqioo,1,0.0
ritsu_cyan,2,0.0
Merpenduous,1,0.0
hirezzolution,1,0.0
BigAngryBob,1,0.0
BNR,1,0.0
[CSE] Hurricane,1,0.0
sway,1,0.0
ofogm.bit,2,0.0
keenanjuice,1,0.0
ç››å°ç²,2,0.0
thams,1,0.0
kaamehaameha,2,0.0
CryptoSafely,1,0.0
tyinretrograde,1,0.0
GoHomeToSochi,1,0.0
TuMichael,1,0.0
Saku,6,0.0
pops,2,0.0
Ruby,1,0.0
Boosh,3,0.0
Seph,1,0.0
glugg777,1,0.0
mellymell,1,0.0
William O'Rorke,2,0.0
arsalan.sartaj,2,0.0
mabot,3,0.0
Bill,2,0.0
NathanS,2,0.0
Yannimoto,2,0.0
Pecunianonolet,6,0.0
Unwritten,1,0.0
0x_AnV,1,0.0
newinvest,1,0.0
udayj,1,0.0
bokonon23,3,0.0
danruss.eth,1,0.0
Beef,3,0.0
Bahjiggyboo,1,0.0
edgewize,2,0.0
Leon,1,0.0
Jaffa_el_RÅnin,1,0.0
Dosa,1,0.0
logonaut,2,0.0
taikicryptodev,1,0.0
bokkiman,2,0.0
gerrywelch,5,0.0
xanderesse,2,0.0
roshaan,1,0.0
Zykes2020,2,0.0
Jeal,2,0.0
Curiousjust,1,0.0
ernesto,1,0.0
matt12,1,0.0
aiham,2,0.0
Ron,1,0.0
s3n3ca,1,0.0
strador,1,0.0
Oart,1,0.0
11benboi11,1,0.0
henrychh,1,0.0
dfi,2,0.0
Shredgnar,1,0.0
drea,1,0.0
GoldenGiant,1,0.0
susancat,1,0.0
MFL,4,0.0
lordrichy,2,0.0
davidm,2,0.0
batuerd,2,0.0
Rlacu,2,0.0
Tebe,1,0.0
Specter,1,0.0
d.happy.dancer,1,0.0
Popolala2012,2,0.0
kool,1,0.0
CdoubleOK,2,0.0
OliverSan,2,0.0
alex lin,2,0.0
giac,5,0.0
drkraft,6,0.0
Mahmoud,2,0.0
Pickles,2,0.0
Orderoutofkos,1,0.0
Jehls,3,0.0
axxcar,3,0.0
Sinatra,1,0.0
yayodz40,2,0.0
Tonymak,1,0.0
Victor-Victor,2,0.0
Nolt,2,0.0
Diggz,2,0.0
dumamichi,1,0.0
Inmymind5,3,0.0
Xtrada,2,0.0
jay_shyam,2,0.0
nbo,1,0.0
masoninthesis,1,0.0
youxiaæ‚ ä¾ ,2,0.0
rare_bunny,1,0.0
Bubbaston,2,0.0
barry,1,0.0
Exodia,2,0.0
Didi,6,0.0
CUsmile,1,0.0
Rahul,2,0.0
Offlinehype.eth,2,0.0
mjay,2,0.0
skylor,2,0.0
whoisbronco,1,0.0
0xYeurri,1,0.0
gujo,1,0.0
0xEcstasy,1,0.0
pdelasalle,1,0.0
"Godzmack (3, 3)",5,0.0
blocksfeet,1,0.0
chimchim,2,0.0
ExtraAgedGouda,2,0.0
metatron_tha_don,2,0.0
deebo,1,0.0
FirEPoWer,1,0.0
Warboy,1,0.0
JesÃºs Gibran,1,0.0
sandeepbajjuri,3,0.0
Hideo,1,0.0
sebbrah,1,0.0
EnRaGeDeViL,5,0.0
Searinox,2,0.0
weescottyboi,1,0.0
Hiraya Chief Baker,5,0.0
kstgg,1,0.0
shufu,2,0.0
0xDavila,2,0.0
Raliant.eth,1,0.0
Pedro,2,0.0
0zAND1z,2,0.0
litshing,1,0.0
Oopskendal,1,0.0
EdgarWeb3,1,0.0
houstency,2,0.0
Daredevil3x7,1,0.0
Spyntek,2,0.0
Markete,2,0.0
gusan,4,0.0
nicocombre ğŸ”²Â²,2,0.0
cdammr,1,0.0
Tom Platt,1,0.0
0xc1d,2,0.0
Mcrypto,1,0.0
supertyler,1,0.0
xdt1,1,0.0
shaunjohn,1,0.0
Î±.Lex,1,0.0
Daniel Amieva,2,0.0
Aditya,1,0.0
varseb,1,0.0
Musk,1,0.0
NoTime4Infinity,1,0.0
hwaizher98,1,0.0
Spectra_X,2,0.0
Dabo Etela,1,0.0
shri,4,0.0
bbrcn,1,0.0
jamies_stars,1,0.0
Demi,1,0.0
alokikbhasin,2,0.0
Alex4450,1,0.0
Tonit0,2,0.0
Preto,2,0.0
fireflyskitters,1,0.0
mainbranch,2,0.0
Reason,1,0.0
OH..GEEZ...Orion,1,0.0
RdMickey,1,0.0
Amarnath,3,0.0
Jonty Burns,1,0.0
0xBoxer,2,0.0
Jayesh_Wayesh,2,0.0
BlairZaye,2,0.0
sianjon,2,0.0
wilflare,4,0.0
Tyler Eng,1,0.0
alexxxyz,2,0.0
Hereward the Wake,5,0.0
Joel_G_NZ,1,0.0
David | dYdX  ğŸ¦”,2,0.0
sedo,1,0.0
iralic,1,0.0
"NomaH (A,A)",2,0.0
airchia,1,0.0
Wblake,1,0.0
Tingxi,2,0.0
BeatYourLung,1,0.0
Darrell Jones III (DJ),1,0.0
Count Von,1,0.0
AllisterDion,6,0.0
Sthetic Software,1,0.0
Ilya Kulikov,2,0.0
rofnebidd,1,0.0
alucard,2,0.0
Ultrajador,1,0.0
aringlein,1,0.0
Ryan.Lucas,1,0.0
fennec,2,0.0
Diegotamayo,1,0.0
Weeze,1,0.0
ju1ie__k,1,0.0
GregW,1,0.0
thib,1,0.0
Raaahhh,1,0.0
coreyhaines,2,0.0
dedicated observer,2,0.0
Mr.smile,1,0.0
Mert Ozd,1,0.0
jnakano,2,0.0
wal,3,0.0
imaginative_one,2,0.0
cartelmike,1,0.0
gemstar2112,1,0.0
Rookietrader,2,0.0
jorgechoquets,1,0.0
LUIS,1,0.0
isiah,6,0.0
fzz3Sve1,1,0.0
NoLimitGelo,2,0.0
Ranthek,1,0.0
Jstirna,1,0.0
Nickt204,2,0.0
mandalorian,2,0.0
MJA,1,0.0
aspen,5,0.0
bloop,5,0.0
jtangofx,1,0.0
dsearcher,2,0.0
Origami_hands,2,0.0
slackbot,1,0.0
Dannies2021,1,0.0
Meddy,2,0.0
Vitho,1,0.0
pete,2,0.0
Gratuzo,4,0.0
yocii,1,0.0
yoel,1,0.0
louisf.eth,1,0.0
yoojheo,1,0.0
Tufte,4,0.0
SAI,4,0.0
conradwa,1,0.0
omslice,2,0.0
Kyronne,4,0.0
generison,2,0.0
ThomasG,2,0.0
ogami,3,0.0
jld43,1,0.0
MiTcH,4,0.0
danag,1,0.0
BitDealer,2,0.0
Raystal,2,0.0
la,1,0.0
netspirit,1,0.0
swagu,2,0.0
Trollgen,4,0.0
GeezLouweez,2,0.0
Fancy | PRTN,1,0.0
MVnow,4,0.0
richiebonilla,1,0.0
saulgoodman,2,0.0
lizardking,1,0.0
keyrapas,1,0.0
TheKnight,2,0.0
RCL,1,0.0
UnofficialAlai,2,0.0
Ravenns,1,0.0
Juztinrocket,1,0.0
pokerstar,1,0.0
Greg C,1,0.0
Sr LLF,1,0.0
Earth,2,0.0
blackswanlake,2,0.0
Spencer,2,0.0
mk,1,0.0
ma,1,0.0
suave,1,0.0
Dxrmok,2,0.0
sir john shawty,1,0.0
Biggie Cheese â­•,2,0.0
"bosscar (3,3)",2,0.0
steven77777,1,0.0
CRS2024,1,0.0
EasternGuy,1,0.0
esmayluck,1,0.0
Mariya,1,0.0
TayoMetaBillionaire,2,0.0
bigfishjoe,1,0.0
dmcdougall,1,0.0
abacus,4,0.0
BinaryFinary,2,0.0
Cheesemelts,1,0.0
ashray,6,0.0
igor_,1,0.0
madhurmonga,2,0.0
angel3000,1,0.0
Kaanagi,1,0.0
kryptomunk,2,0.0
NulledOut,1,0.0
Leopoldo Rivas,2,0.0
White Flamingo | XXI,1,0.0
FOX_McCloud,1,0.0
liamonana.eth,6,0.0
cryptomaven,1,0.0
navalbot123,1,0.0
Jogomeister,4,0.0
vasifire,1,0.0
m1nty,2,0.0
dmititup,1,0.0
leallectric,1,0.0
aysegotbassNYC,2,0.0
Jarvan,1,0.0
tao67,3,0.0
Kashida,1,0.0
NathanBaugh,1,0.0
teddy,4,0.0
python99*,1,0.0
Earthnative,5,0.0
TH150NE,1,0.0
TKT25,2,0.0
NeonReo,1,0.0
jackmid2,1,0.0
simon.tang,1,0.0
pleiroo,1,0.0
E3-DR0,2,0.0
Shingai,1,0.0
MarkyMark,1,0.0
GuNNeR,1,0.0
Fenfenn,1,0.0
Ruth,1,0.0
mc27,1,0.0
Safi,3,0.0
Celine,2,0.0
wirelessjoe,1,0.0
lilplump,1,0.0
uxdesigner.eth,1,0.0
oxyopian,5,0.0
horse_nutz,1,0.0
unifyjono,2,0.0
jackson888,1,0.0
tekalzbi,2,0.0
DXPLUS,1,0.0
0xZebra,1,0.0
spanggy,1,0.0
Cdds,5,0.0
Boosteau,1,0.0
farer.eth,2,0.0
Navi,1,0.0
AGFlux,1,0.0
chak,5,0.0
Tania 95,1,0.0
WaveHigh,1,0.0
E-Rock,4,0.0
MattyMatt.mat,1,0.0
Alex Dobrin,2,0.0
Albee,5,0.0
ETHgoals,2,0.0
timitrend,1,0.0
Jifh,2,0.0
bigBhaddock,1,0.0
sacenolaza,1,0.0
thomasknoll,5,0.0
angus258963,2,0.0
lugo,2,0.0
hammer23,2,0.0
Doctr_Captn,2,0.0
jessicastocker1997,1,0.0
kvvz,1,0.0
Lazlo,3,0.0
fiiiiive,1,0.0
"zyraw(ğŸ±,ğŸ±)",1,0.0
jordanbb4529,4,0.0
ChimpDaddy,3,0.0
kamal,1,0.0
CCC,1,0.0
ashcarter,4,0.0
Tissime,1,0.0
shivsocrates,2,0.0
ankitknayan,5,0.0
Dagda,1,0.0
LVB,2,0.0
cosmicVoid-MechVerse,2,0.0
nic0le,2,0.0
Kratos_888,1,0.0
F4r1n0,1,0.0
stackthat,1,0.0
Lucas Corniani,4,0.0
JY3D,1,0.0
TimK,2,0.0
nosh,5,0.0
elefant,1,0.0
Orderoutofkos,2,0.0
North,2,0.0
CryptoBF,5,0.0
crip_toe,1,0.0
çƒçƒ,1,0.0
windtreader,1,0.0
cryptomahmut,2,0.0
Speedy91,1,0.0
EdisonZ,2,0.0
the_house,1,0.0
endlesspostgame30,4,0.0
shadowfly,2,0.0
Rizwan ali,2,0.0
Sebeck,1,0.0
prodi,2,0.0
ExtremeBreakfast,1,0.0
Private_Ryan,1,0.0
sydlauren,2,0.0
Andy | Eco,1,0.0
??????? ????????.,1,0.0
sammy123,1,0.0
Jay,1,0.0
osk7,1,0.0
thvz,2,0.0
keeper708,1,0.0
alf,6,0.0
Bence Horvath,2,0.0
mohitjain,1,0.0
Midah,2,0.0
haroldbosse,2,0.0
Spyder,2,0.0
13rus,1,0.0
the5nik,1,0.0
Takisoul,1,0.0
tenet3001,1,0.0
å¼ºå•Šå¼º,1,0.0
yashhsm,1,0.0
Visukinttu,2,0.0
AquTic_M0nKey,2,0.0
fullnoad,4,0.0
ooly,1,0.0
ArmouredBB,6,0.0
a_talking_duck,1,0.0
CrazySnake,1,0.0
CV,3,0.0
Solene | SKALE,2,0.0
J1mmy,2,0.0
ypl,1,0.0
Ash George,1,0.0
Stephen N.,2,0.0
Dj1NNN,2,0.0
art-ostergaard,2,0.0
ryanz,2,0.0
0xBot,2,0.0
cerbivore,4,0.0
Ajay,1,0.0
David.K,2,0.0
NA,1,0.0
ghintama,2,0.0
sorkinism,1,0.0
Torovoltan,1,0.0
PapiMolly,3,0.0
crush,1,0.0
Samy,1,0.0
janna,4,0.0
Darwin aka pepe,1,0.0
jarisjames,3,0.0
consolexyz,3,0.0
coogan,1,0.0
qa1q,2,0.0
superjy,2,0.0
AM2021,1,0.0
ravdix,1,0.0
jherediagu,2,0.0
DanC,2,0.0
nauxhumans,1,0.0
"antoine(ğŸ§¬,ğŸ‘½,ğŸ¦‹)",2,0.0
minister,3,0.0
jassiG,2,0.0
KNR4WORLD,1,0.0
Mingzhe,1,0.0
karola,1,0.0
TacoBit,1,0.0
MRmagnum,4,0.0
WitsEndd|á´®Ê³á¶¦á¶œáµáµ—áµ’áµ–á¶¦áµƒâ¿Ë¢,3,0.0
vector,1,0.0
lifeisgoof,2,0.0
Hilde X,1,0.0
Tak,1,0.0
Gigi,1,0.0
BShoe,6,0.0
GustafTadaa,2,0.0
phreyreel,1,0.0
skevan2,2,0.0
Joris,2,0.0
cv1,1,0.0
gyr1985 â™œâ™œâ™œ,3,0.0
Leezy,1,0.0
HookAsnooK,2,0.0
Solus,2,0.0
bajiaoshan,1,0.0
dreader.eth,1,0.0
bryn,2,0.0
ItsKoka,1,0.0
tgla,1,0.0
Loedn,1,0.0
nixon,1,0.0
Sango Saluga,1,0.0
BennySantana,2,0.0
ygg_anderson,1,0.0
fod,1,0.0
TinoH,1,0.0
meep,1,0.0
watchitexplode,4,0.0
muyredi,2,0.0
houli18,4,0.0
Unknowness=Freedom,2,0.0
adan357,2,0.0
mdog32,2,0.0
Jon Gabriel,1,0.0
Davers,1,0.0
kobag,4,0.0
Laverita,1,0.0
markd,2,0.0
tabor,1,0.0
Stickman,4,0.0
xiaojay,1,0.0
Crypto Hutch,1,0.0
TheBlakeyG,1,0.0
ahmad,1,0.0
harryxixi,2,0.0
Sensei Mud,1,0.0
nocrimez,1,0.0
flavius,2,0.0
EthanJones,1,0.0
cjkmccaffrey,1,0.0
MetalSmith,1,0.0
GQQQy,1,0.0
davidg,3,0.0
Dev.,1,0.0
"LiteralVampireCitizenğŸ’¸ , ğŸ’¸",1,0.0
kyleschen,3,0.0
rash3r,1,0.0
Jonas_,1,0.0
Ayush Jha,1,0.0
Laur,1,0.0
Jordyn | float.capital,1,0.0
Teun,1,0.0
mahdiscript,1,0.0
yastice,1,0.0
KevinG,2,0.0
Capital Snowball,1,0.0
Calcutator.eth,1,0.0
splash,1,0.0
marino39,1,0.0
slowdean,4,0.0
rhoblock,2,0.0
Profound Madman,1,0.0
881689,1,0.0
Blue Screen Of Death,1,0.0
808eth,1,0.0
FantieFan,1,0.0
Leo | DaÄ±mon,1,0.0
linlin,2,0.0
MaxYu,1,0.0
w0lph,1,0.0
eyewood,2,0.0
ericscott,1,0.0
'-VA_,2,0.0
louie,6,0.0
blazinofficial,1,0.0
Aaron Nevarez,2,0.0
CarlB,1,0.0
Oz,1,0.0
harry,1,0.0
joshuacolvin,1,0.0
Eliot | Coinvise | PST,1,0.0
ChimmiChaanga,1,0.0
garyrettig,2,0.0
Coquet,1,0.0
Ollie Min,1,0.0
badgercap,1,0.0
aquiba,1,0.0
deaddonkey.eth,2,0.0
Weso,1,0.0
jason-skiff,1,0.0
Pacman,1,0.0
DinoBug,1,0.0
nkdizzle,2,0.0
jabbba,4,0.0
leekuanjew,2,0.0
AurainR7,1,0.0
emdashb,1,0.0
korv,1,0.0
jklepatch,2,0.0
thundercloud,2,0.0
RVanPatten,2,0.0
1va,1,0.0
liaowang,2,0.0
code,2,0.0
mxmln,1,0.0
zjkxlf,1,0.0
xlRiTrozZ,2,0.0
testuser-firstquest,7,0.0
Marad10na,1,0.0
Ryker,2,0.0
FiggyğŸ‡¨ğŸ‡¦,1,0.0
Strider,1,0.0
Zach,1,0.0
Sheila7,1,0.0
0x1van,1,0.0
diamondhands,1,0.0
superturbo,1,0.0
JohnBe,1,0.0
pastaghost,6,0.0
0xScotty,3,0.0
L33,2,0.0
C_J_P_D,2,0.0
mir91,1,0.0
JJtheFireFly,2,0.0
tuya,2,0.0
ç‹®é±¼å­,2,0.0
rieki,1,0.0
ui,1,0.0
fpaleno2,2,0.0
joe_shi,1,0.0
eydarr,1,0.0
Brian Sztamfater,1,0.0
OrlundoHubbard,1,0.0
Chengliang Li,1,0.0
ttttim,1,0.0
Dave,2,0.0
darrenrogan,3,0.0
diegoe1,1,0.0
Arnold,1,0.0
pharisaical creed,1,0.0
Anneki,2,0.0
freddyVandalay,1,0.0
pivt,4,0.0
Mount Manu,1,0.0
Skandster,2,0.0
DZ,2,0.0
j-roc,1,0.0
leanjo88,1,0.0
eddieğŸ¦‡ğŸ”Š,1,0.0
PMcCrann,1,0.0
Carli,1,0.0
Monica111,1,0.0
rahul,5,0.0
gd,2,0.0
jdubs,6,0.0
HokageDuke,4,0.0
Archer423,1,0.0
AfroPunknyc,2,0.0
Wish,1,0.0
Discovered Flavor,1,0.0
Ğ¡Ğ¢ 1248,1,0.0
Joeyâ€”,2,0.0
xiaojiucai,1,0.0
rasputin,2,0.0
bogdanooo,2,0.0
DankSinatra2000,2,0.0
CSims222,1,0.0
Jetpackmcmichael,1,0.0
XEXX,1,0.0
raj,1,0.0
DaveS,1,0.0
nuksy,3,0.0
WhyldWanderer,4,0.0
nickcdryan,1,0.0
illhelm (Will) ğŸ¿,1,0.0
haifive,1,0.0
0xHal,1,0.0
eddie,2,0.0
genuinejack,5,0.0
PH48,1,0.0
Vitruvius,2,0.0
Crypto Crysis,2,0.0
mogurai,1,0.0
Harji,4,0.0
Torch,1,0.0
reecemcd,2,0.0
Luckybrick,1,0.0
andynous,2,0.0
fcastelau,1,0.0
Oliver Z,2,0.0
albertlie,1,0.0
Vampo,2,0.0
0xMidas.eth,1,0.0
jaynai0711,1,0.0
kim.pham,2,0.0
drdegen,1,0.0
antoniofrancisco,5,0.0
Barbara_Tosti_Art,4,0.0
Cryptogowd,1,0.0
BiddyG,2,0.0
Arthur,1,0.0
Salan,1,0.0
blockheim,2,0.0
beastadon,2,0.0
pisces200200,1,0.0
Reysol,1,0.0
Lucho1975,1,0.0
ChristianHPoe,1,0.0
RedSyrinxOne,1,0.0
JosephMerrick,2,0.0
2Reckless,1,0.0
Gurrola27,1,0.0
Chimp Safari,1,0.0
Edvin,1,0.0
vcar,2,0.0
keif.eth,1,0.0
Byron,1,0.0
é—«è‰³é’¦,1,0.0
Der Larsianer ğŸ‘½,1,0.0
erenpasa12,1,0.0
NoobVader,1,0.0
Kiran,1,0.0
kayzackjay,6,0.0
ananth99,1,0.0
Patricius Archangelus Irae,2,0.0
Ashwatthama,5,0.0
hhanif,1,0.0
cs_marshall,1,0.0
PcSH-KNt,4,0.0
ill feel fine,1,0.0
Ajn,1,0.0
liftlines,1,0.0
hanyu,2,0.0
raewell3,1,0.0
Bcon36,3,0.0
gib-me-ur-ETH,1,0.0
Occupying-Mars,2,0.0
RedNiteJ,1,0.0
thephysician,1,0.0
Luis Michel,1,0.0
blaisetayese,1,0.0
ngilmichel,2,0.0
crazybee,1,0.0
El Toro,2,0.0
dackåŒšå„ä¹‡á—ªá—ªã„š69420666,1,0.0
samba,1,0.0
zamboomFo,2,0.0
cat000312,1,0.0
damsky,1,0.0
Lazearrr,4,0.0
AK47,1,0.0
yannan,5,0.0
hattorihanzo(onlyfangs),2,0.0
aacb,1,0.0
AG,4,0.0
monus,1,0.0
Ferraceca,1,0.0
mrg,4,0.0
paper,2,0.0
hayduke,1,0.0
bcb_franclo29,1,0.0
midroni,1,0.0
crud,2,0.0
Iamdb21,2,0.0
Nesh,1,0.0
Inventor,1,0.0
nathalieyang,2,0.0
3gger,2,0.0
Loouo,1,0.0
michimo,1,0.0
ruavol,2,0.0
Maxime,1,0.0
tono,1,0.0
sirag9,1,0.0
Xardas,1,0.0
shantz,1,0.0
baabaing,2,0.0
marc,1,0.0
Shuai.Yuan,1,0.0
zoldyck,1,0.0
MJvsTheWorld,1,0.0
johnyang,1,0.0
farren,1,0.0
Kir1to,1,0.0
abhavkedia,1,0.0
UGX,1,0.0
Nick B,2,0.0
AT,1,0.0
ndubuisi,1,0.0
ğŸ™ luxumbra ğŸ¦¡,1,
Jacob - Visionrare,1,
AnderElurra,1,
isialdi,1,
Asur,1,
Jmenez_96,1,
Ashura,1,
stud1nt,2,
adel15,1,
rabiatabiat,2,
mcfizzle,1,
Pretty Freddy,2,
cankulbandit,3,
SkarfaceLee,3,
el_nou_presi,1,
wolfpack94,1,
ssnz,1,
Samuraizan,1,
gulcest,1,
fio,1,
ğŸ™Rankko.eth,1,
wwweber,1,
Karn,2,
Full Sized Pajamas,1,
inca_uhu,1,
ennnat,1,
philx,1,
vampiresquid137,1,
rcarbs,3,
dnl1,4,
Scrodee,4,
Vladmr,5,
eoj,5,
laoT,1,
Perks,1,
Fonz,1,
firec,4,
docceng,2,
OskarE,1,
Mike_mentzer,1,
Amy (and Nina),2,
abdo,4,
adamjinx,1,
kingtuts,1,
mataklap,1,
CuzznDread,1,
pedrohasf,1,
ankush,2,
mostmeta,5,
Mosha,2,
kavir,1,
Miao,1,
thomasscovell,4,
"0xRanger (ğŸš€, ğŸš€)",1,
00000001,1,
Tfinch,1,
xiaoeleven,2,
iamlimpei,1,
Andre.lopresti,1,
bluewillow,2,
Joss Evol,1,
Derek,1,
nithin shylendra,1,
Bob_Boyle_1662,2,
LeftenantAZ,2,
odeNVerk,1,
SweatyPenguin,1,
Anthony Avedissian,1,
Nathania,4,
Misha Banderlog,2,
Christian Gonzalez,1,
jim7,1,
yomateo,1,
Afroman726,4,
kempsterrrr,2,
Joris,4,
jari,1,
Turbo,1,
MALCOLMTHOWARD,6,
eric.angler.trader,1,
vicen91,1,
Luis | MintGate,3,
magpow,4,
Anto,1,
0xL2,4,
FULL TILT,1,
roytolliver,1,
xtoff472,5,
Pedro ğŸŒŠğŸ†,1,
lowkeylow,2,
george,1,
njs989,6,
Hambre,1,
APE | GEN,2,
jaxquin,1,
Pingpong,1,
ariel4949,1,
Shiva,1,
sharkhacks,1,
SK1989,1,
Dawndreamscircus,2,
hp,3,
code7777,2,
A Savory Quiche,2,
Stan121,1,
Alex Sampson,1,
Squanchy,5,
JB,1,
jojolaa,2,
AdamSpitz,5,
EM05,3,
dbag,1,
abigpotostew,1,
cryptosnowman,1,
brammo,1,
sleepy,1,
EdwardRooster,5,
Blackjoe,1,
'-kizza-,1,
petecohen,1,
DeaXarch,1,
SIIOD,2,
sashamaxymchuk,3,
tomo,2,
Elite Kyu,1,
hokemaguy,1,
anshulinpc,1,
Kelaivy,2,
alvaromat,6,
champags,1,
StemPro,2,
nickdoherty,1,
Cryptic1,1,
wildnice,1,
DANIGV84,1,
Brompton,1,
joshy,2,
jimmy2k,1,
allencitoğŸ”®,5,
yuan,2,
saysraghav,1,
Shurong,1,
jimmytwoshoes,1,
jonjon,2,
BadBunnyâš½,1,
Cyberbrew,1,
[deleted],1,
Gabe Q.,2,
magickof,2,
Homo,1,
cryptoievski,2,
shining,3,
marijn,4,
DoDo,1,
MrARA,1,
yash,2,
Max Power,1,
Lews,2,
stockholmrussia,1,
floyd_droid525,1,
ianbcraft,3,
winkie38024,3,
Tuds,1,
Asad,1,
Marky,2,
jack,1,
menedis,3,
Sameer,1,
xm3van,1,
meetoct,1,
Emerick | Figment,4,
markop,1,
phabrux,1,
Shokus,6,
Ashish G,3,
Rena,2,
Vespasian,1,
Mrsun586,2,
PocketAAcez,1,
SwagMcJess,1,
know0ne,1,
0xNish,2,
"Markio  (ğŸ§¬,ğŸ§¬)",1,
fulcom,1,
Craabit,2,
davey,2,
LANIUS,2,
pdmarks,1,
azorin,2,
Carrillo14,1,
RB1,2,
osobarzo,1,
THEOâ„¢,1,
felipeschulman,1,
Eitan | B.Protocol,1,
datageneralist,6,
corn,1,
Pablo Palomo,1,
yanguitarra,2,
alexthims,6,
PavelVoronov,1,
GAH,1,
å¸å°,1,
fancyrats,2,
MrMcintosh,3,
ChazSchmidt,2,
nrmjeremy,4,
CurtisWasHere,1,
BlockShane,1,
bosco,1,
kingpaulie,2,
holbrook.eth,6,
juankymalafeka,1,
Blockchain Muggle,1,
Khaleb,1,
mash,2,
JeffT,2,
dstarks.eth,1,
JJW,1,
tRiwnl,1,
Holger / Phylo [IF],2,
N8tion,2,
Jack | Koji,1,
explorandoahora,6,
dmitrym7,1,
Mhxg,1,
0xmatias,2,
Victor M.,1,
yiwei,5,
Sparks1 ğŸ´,1,
vividbio,1,
My_Linh,4,
ryanmedkins,1,
Neob,1,
ssystww,1,
SteveRx,1,
Bolo,1,
trufflee,2,
Bazarov,1,
Myself,2,
qubitcritical,2,
Will | PRTN,3,
Lion,1,
Bruno Ahualli,2,
jldl,1,
guyf3rd,6,
OpposingMonkey,3,
MuddyDonut,2,
abirdwhale,1,
Jose Funez,1,
0xMando,1,
Bosh100,2,
emilio,1,
iRodders,1,
catFugue,1,
Kevin F,1,
hellobnt,2,
motif,2,
Mateo,1,
duks,2,
Danylostefan,2,
taner,1,
Leonie Herma,4,
jono,1,
luisoz626,1,
Tony Pháº¡m,1,
luidap,1,
beliefanx,1,
BlockBoy_B,1,
menkent33,1,
SK,1,
sellergenius,1,
Panos,1,
xakaxaka,1,
FAFied32,2,
An_X8C,1,
WillyJR,2,
Dawei,2,
MonicurrğŸ´,1,
thehiddenhiro,2,
gregan,2,
TendrilsStorm,4,
Bsirker,1,
Momokan,1,
KRSONE,1,
hr,1,
Brucie_Bonus,1,
cryptogriff,3,
jariass,1,
Vicen,1,
Diego2018,1,
varunv,1,
0xa013Tzitzi,1,
bryan,4,
daelectronic,1,
potatosalad,3,
DeFiLawPanda,1,
bashabasha,1,
ajlawrence,3,
toadmedicine.eth,2,
Sloki,2,
mutated cryptomaniac,3,
mas,1,
charlief,1,
cw,1,
fev,2,
Vidal,1,
rogercollell,1,
miz,1,
k2iser,1,
yashatreya,1,
Arjun Chand,3,
smgbarrett,1,
Yahya,1,
David Tomu | MintGate,1,
shawnchong0825,2,
Inden,1,
elkharbili,1,
tata,1,
boeing 777,5,
ft001,1,
[DBGrow] JulianFT,1,
furkant,1,
MerBowe,2,
AERR,2,
aseem,1,
0x2902,1,
Puns&DadJokes,2,
Vic Vinegar,1,
Raz,1,
DefiLover1,1,
Jimboejones,1,
Noah12138,1,
Rivzowski,1,
haredog,1,
raf,5,
richardxdai,1,
vgurbuxani,1,
Risco,1,
Pablolar,1,
Alex_Ho,6,
Aphonic,2,
PhuongLy,4,
Jolie_Ze,2,
0xGambas,1,
tuuuzen,1,
robwil,2,
TalibanNavy,1,
Paikus,2,
Crypt0mahawk,1,
Oracle,1,
0xbogey,2,
Timidan,2,
Ozzy,2,
Yoda,1,
Morgan,3,
bob the toad,2,
foncho03,1,
cyfâ€†777,2,
DanceMyth,1,
neil,1,
ceq,1,
briant,1,
gittislegit,1,
orbus,5,
lorena,1,
Vermin Supreme,1,
tixerb,5,
alispagnola,1,
sophieamat,2,
lingirl,2,
nicooo,2,
Theresa,1,
dhvarela,1,
AleWin11,6,
sh Informerar,2,
Jchb95,1,
ken_xyz,2,
york8642,1,
canalesbr1,2,
AlfonsoGuevaraE,1,
Globetr3k,2,
HKing,2,
bigboydiamonds,2,
SvenMeyer,2,
eprdude,2,
skimo1,1,
wanderingkevin,2,
He Alex,1,
yeehaw,1,
Hase Fee,1,
truffleshuffle,1,
T Wells,1,
cryptonite,2,
rob2996,2,
AgentSkwrl,4,
kryptohai,1,
batur,1,
s7ev3n,1,
JasperTootsi,1,
d_dobeck,1,
å¼ æ£®,1,
rumplestilson,1,
justusenumbers,1,
yisheng,2,
WendyAKG,2,
Audrey,1,
alitrm,1,
ronrivers.eth,2,
flipthatdip,4,
InveYnn,2,
SPCEtrad,1,
prateeks,3,
0x1518,1,
KAI,1,
LocoGuaro,1,
icebert,1,
Bau,1,
kritisehgal,1,
TitoMachado,2,
Hannes,2,
Duda Pedreira,1,
or2o,1,
daashh,1,
iodave,2,
mryalamanchi,2,
jjegg,2,
Donnie,3,
Tokyo Fish,1,
"plzcallmeDJ(ğŸ¶ , ğŸ¶)",1,
Dinamik,1,
xTheLostBoyx,1,
JAYbroni,1,
Kabularasa,5,
Xyzab,1,
defgrip,1,
zzz13123,2,
samtu,1,
oneirobatis,4,
nickv,4,
partypartyparty,3,
Plutoonuranus| HoneyDAO ğŸ¯,1,
4thPaul,1,
evo,1,
DisZsiD.eth,1,
kevink,2,
Tarravir,1,
Manaoman22,4,
Kushagra,3,
poopyhead1of1,1,
wslyvh,2,
natome,2,
KraftyBuffalo.eth,2,
c0usinlarry,1,
mustan,1,
iFeD,1,
Stefano,1,
Keval,1,
Admire-qin,2,
ç¿»è¯‘ç¿»è¯‘,1,
dpantelo,1,
eltioben,1,
yasit2004,1,
magnumben,3,
Marcelo PM,1,
qinchenhui,1,
CoryClayFID,1,
kennette21,2,
buzzman,1,
alma,4,
xyk | Visor Finance,1,
jjoel.eth â™¨ãƒ,1,
Munam Wasi,2,
Bleistack,1,
newnovis,1,
ğŸ’²swagağŸ’²,1,
Callum Mc,4,
twometerman,1,
Lg,2,
ratata,1,
Ferh,1,
ashantilagos,1,
bruce,1,
aturx,5,
elGraby,1,
Frankli,1,
Tulip37,4,
haberdashery,1,
moaaz,3,
yoshi,2,
mrmax,1,
xijxijxij,1,
steveworld3k,1,
aok,1,
cherylspagnola,1,
juanc,1,
Tiepie,1,
snoopdawg,1,
Andres O,1,
dela15,4,
Athos,1,
Yalor (MST),1,
De Beers,1,
Just Lewd Me,2,
BlueBallzToad,2,
JP,1,
PullCommittee,4,
drewbert,1,
Money,1,
toha,2,
Tabby,1,
giangnt60014,5,
wisnuadity,1,
speedbil,1,
BlackDogDavis,1,
dant,1,
SirRadiance,2,
katabatica,1,
Yakda,1,
do6Wkg7O,3,
Luiz Fernando,1,
ssbd,1,
vijarkohli,1,
"wouimbly (3,3)",1,
dragon94,1,
KNNY,2,
chimaera,3,
Trilliam,1,
karinaraf,1,
0xChrist0pher,4,
Jennifer Tran - pythonspacecadet,1,
carlos93,1,
Lady M,1,
TheAbefroman,1,
'-J,1,
Zok,2,
Siba,1,
ruben,1,
brentmw1,1,
Jul,1,
sree,1,
larrydavid,2,
Cacklez,1,
darhon,1,
Grifty88,1,
anna shao,1,
MZ,6,
ekili,1,
cyberbrew,1,
sebstedman,1,
GideonRo,3,
metalab,1,
Anthon1us,1,
Brasce,1,
"undercover_ape (ğŸŒ³, ğŸŒ³)",1,
dylansz,2,
rmenon,1,
ModernAlkemist,1,
Kushim,1,
samhayek,2,
kiasaki,1,
alkie,2,
Krys,1,
mia | bt3gl,1,
will_richards_ii,1,
jfrank-summit,1,
JG,1,
chronoss,4,
stewiethepro,4,
TomasGarch,2,
Saltwater,1,
raddy,5,
Superfast,1,
JuanpabloTaguas,1,
Angelovich,1,
angelhenx,1,
tparks99,2,
benpercifield,3,
Yen,1,
lyx906,1,
Î½ÏÏ‡Î¹ Î¨,4,
Jof,2,
pzai,1,
reee,2,
Dagex,1,
YoYo,1,
jmcte,1,
Rj249,2,
sam10000000,2,
Noe,1,
Jonmi,1,
CaptainOfEarth,1,
linuxmam,4,
pwirsen,2,
alealeale,1,
svzdvd,1,
partho,4,
dogss,1,
ArtByG4,2,
daxalpha,2,
Swampy,1,
lijon,1,
krettbelly,2,
ElCesarito69,1,
contraband.eth,2,
"OhmerSimpson ğŸ©,ğŸ©",5,
jdroege,3,
Jiusi Yao,1,
david Vasco,1,
glert42,1,
Luaddoil,1,
cdbolesnj,1,
0xEdwa,1,
jkimperez,1,
Ikeguchi,1,
slobo.eth,1,
r2kluh,1,
evanczhou,2,
unc,1,
mob lobster || ğŸ¦,2,
reblis,2,
sij,1,
Robin (alpha.DataUnion.app),1,
D8N1,1,
DindaAyu,4,
Ryda,5,
jacq,1,
dalechu0623,1,
mmt,1,
Austin Blacc,1,
zionyz,2,
deeb,1,
Krzysztof K,6,
hashwarlock,2,
"jinxyz(ğŸ±,ğŸ±)",1,
Bluetopia,1,
taifengtian,2,
Rudolph272,1,
Esteban12,1,
mrSunshine,1,
BobbyII,1,
TrucOanh,4,
balam38,1,
Amaury,1,
notas90,1,
drpepper25,1,
Goldy.mov,2,
MadDogLink,2,
Sevro,1,
temortu,1,
Cryptoider,1,
CoinWallet,1,
bearemet,2,
rizller,1,
Nafay,1,
Trent Lee,1,
Jean Fanielle,1,
Tekal,1,
tomas,1,
Rohitdayani,1,
peng,5,
lizdal,3,
sanshi,2,
JCT,1,
Looper59,1,
jplat,1,
LordOfRiver,5,
CrunchTime,5,
sam_m,1,
Andrek,1,
Jiaway,1,
StonedGoonie,4,
AL,1,
michaelk68,2,
Sonujc,1,
0xSiam,1,
cryptornado,5,
bras,1,
pnts,1,
NORTHERN LIGHTS,2,
lbyte,2,
jfbray,6,
5-Eighty,1,
timheiler,1,
Joalexer,1,
faalbane,1,
Huseeb,1,
0xtru,2,
LastSolidDude,5,
brnrd,2,
mkktw,1,
radniik,2,
0xNatxela,1,
starman,1,
jo-chemla,1,
ivomarin1995,1,
CF,1,
Vi_Tieu,1,
youfoundanisha,1,
dumik,1,
jabondano,1,
Ivy Shu,1,
rizkyp.ramadhan,2,
PS_M11,1,
WeSaluteYou,1,
Zeroblaze,1,
mc24,1,
pangjia,6,
sharden,4,
cryptoguy,2,
Cber,2,
Lillian,1,
libevent,2,
Wwt0707,2,
cyan,3,
WolfLem,4,
MelmzyWelmzy,2,
eddiekollar,1,
gerge,1,
CryptonJack,2,
msilva22,1,
Yonks,4,
caeruleun,1,
cryptomistery,1,
vacekj,1,
dubi,1,
Dangief,3,
J-Dubs,2,
cli,1,
my,1,
DotWar,1,
Felipe Faria,1,
Emad,2,
Sweykay,1,
Hofstadter ğŸ‡¦ğŸ‡· | 2PI,1,
messysaturn,6,
Thao_Trang,4,
schrodinger,1,
Jishushka,2,
defunance,1,
joyanta,1,
cryptobunker,1,
MrsNuBooty,1,
Kanye Weast,1,
GALLORRF,2,
cloudsport,1,
Ilya_,2,
jayventura,1,
cryptomania,2,
Mr P,1,
Lionc,2,
Scar,1,
Santi  [APOLO],1,
gan,1,
Monkey Butt,2,
kzadum,2,
kyo83to,1,
BlakeBilly,2,
Shmokey,1,
ElCryptoDon,1,
Virgolino,1,
dcneeks,1,
shebei o,2,
CountZero,1,
amohame9,1,
nftxdefi,2,
YODAsr,1,
Nancy| Landscape,5,
PrimeAlgo,3,
Mariano,1,
crypt0nate,1,
David Nicolas,1,
Willone,2,
andyfox,2,
MiMoMiMa,5,
Vera,1,
JÎGÎVÎBÎ,2,
wethless,5,
msveinson21,2,
Luccas.eth,2,
ThouArtWho,2,
winnerswin673,4,
xsvfat,3,
SPIRIT=LIFE,1,
KavinJey,5,
Godfrey0346,1,
kevin07,2,
Aech,1,
Louis | Staking Facilities,1,
Tanny_,1,
NipponHamFighter,1,
qianmu,1,
toabcollector,1,
Srikanth,1,
Carlos | Forefront,1,
Fede,2,
rynfrd,1,
Jerik,1,
Gumiel,5,
Kamina-0_o-,5,
éŸ©å†›å†›,1,
sosick,1,
string,2,
EvRGlade_H,3,
lila,3,
ğŸ¤samyhollyğŸ¤,1,
Edgar,1,
dltx.eth,2,
Synth,1,
wroj,1,
RyFi.eth,1,
franito,2,
goStellago,1,
egg,2,
MsMagey,2,
xcovh,2,
xaobtceth,1,
hipira,4,
Marina,1,
tb12,1,
antivenom,5,
blancomanco03,1,
Sean's Burner Account,2,
timo_p,1,
venkhi,1,
dgamboa,1,
jamesjacoby,1,
MaxBen,1,
kimpoyğŸ•,1,
Bobb,1,
DavidBo,1,
garlamong,2,
Kieu_My,4,
nespereira,1,
Code Boy,1,
Mafiadons,1,
Moab.eth,1,
rahultawde,1,
lewisc,2,
BrandonKTC,2,
vvonchain,2,
horizonğŸ±,1,
jidp,1,
kalahari2008,1,
Bacotell36,5,
KOsoon,2,
sh31,2,
rkong,2,
Penny777,1,
DV,2,
JJLUCAS  â”‚FLSâ”‚,1,
John77Charnek,1,
Shawn6688,4,
Maxxx8,3,
james.rudd,4,
CryptoHart,4,
AnnieFulcher,1,
L.,1,
xiaoty,4,
paulofonseca,1,
Francisco Mondragon,1,
"CryptoSamurai 3, 3",4,
David bc,1,
BtCRunner,1,
Comrade Crypto,1,
shrikar,1,
Xicilo,1,
robneal,1,
hiten,1,
Li | Harmony.one ğŸ½,1,
aicayzer,1,
ujsmy05,1,
iEatYouForLunch,1,
blank,4,
oumar.eth,2,
Max0x,1,
pon,1,
tommybit,2,
0x_Song | WoW Fatales Wanderers,1,
cedricgirard,4,
ENMC2F3,1,
SP,1,
mikewavsz,1,
ChachaJi,1,
lourock77,2,
Dan Yeo,4,
hobodave.eth,2,
UBIpromoterğŸ”†,1,
MMM,3,
$mike$,1,
brianw,2,
Twin Silica,1,
"Huge (ğŸ,ğŸ)",2,
dan1el,2,
whatspeed,1,
Browncow,1,
tnkngn,1,
praxeo,2,
johnB,1,
Shelb_ee,1,
VIC ğŸŒ´,1,
nich,1,
KingPin,5,
srk,1,
Jeremy M,1,
yiqihapi,1,
Hady,1,
Exponentialist,1,
Sun,2,
DrSammy,2,
Ben Simpson,1,
SolidifiedSun (ğŸª”ğŸ›•),1,
Cirdan,3,
Steven,2,
ClarkfromArk,2,
jmj,1,
Freedom,1,
LUCIA,1,
Big Jim Slade,1,
The BÎrg Mâ—N ğŸ¦ˆğŸ¦‰,2,
Enrique,2,
Sogspurs,1,
****worm,1,
mister t,1,
ElectroFox,1,
biles.eth,1,
mooncake,3,
mambamagic,1,
å•¦å•¦å•¦,1,
end3va,1,
habib362,1,
scrypt,5,
xianning,1,
mk0r,1,
onursarayli,2,
é¾™å‡¤å¤©é™…1,1,
orangepanther,1,
Ratja,1,
H3ls1,1,
Norlys,1,
warvine,1,
gabypuente,1,
Colin_G,2,
xyligan77,2,
æ™ºå¤šæ–°,1,
chillaxlululu,1,
jeffbehar,5,
!Apoll0x,1,
oueoueoue2000,5,
Alpakka,1,
Andrey Balyasnikov,1,
TheLizards,2,
chobani,1,
"merp(degen,spartan)",1,
Contre,1,
nontoxicity,1,
Dolfin,2,
RippingItOutdoors,1,
Summit269,4,
Sebastian | Fei ğŸŒ²,2,
Hilgi,1,
Ronen.Tanchum,1,
chance,5,
Fernando,1,
sfj.eth,1,
tomotom,1,
Josemy,1,
Tr_fifton,1,
Gianluca,1,
quansapanza,1,
Heyo,2,
gail,1,
shivaandbuddha,2,
daliso,3,
cryptoboundary,1,
tanman,1,
PabloColombiano,1,
polyhedra.eth,2,
Opensailor,2,
prasadmahadik,6,
nattynat,2,
t4t5,4,
masAy,4,
Dildo Baggins,1,
zxcvb565,2,
waryperry,1,
Random Access Memories,2,
kmb,1,
EasyriderğŸ´,4,
goatboy,2,
cdb,1,
davv,1,
citymorph,1,
AJoxoxo,1,
alecfwilson,1,
Carl CHEN,1,
debbieaka,5,
wanderlust91,1,
MarkYoloCoppta,2,
Ãlvaro J.,1,
å¸åœˆæ±½è½¦å·¥ç¨‹å¸ˆ,3,
umut.eth,2,
McGrupp,1,
Snowâ„,1,
HunkuGidi,1,
Juanco,2,
sjeohp,1,
DeFiTrader,1,
hdd1031,2,
dtolsen,1,
pewpew_nomnom,1,
mrock,1,
cokillington,2,
manycc,1,
Bigben,1,
eBravox,1,
Davidb,1,
macanga,1,
victor-luma,3,
cybercsc,1,
mrctop808,1,
rootial,1,
Satoshi.eth,5,
0xCharChar,2,
Shumba,1,
Danada,1,
ç©¿è¿‡ä½ çš„é»‘å‘æˆ‘çš„æ‰‹,1,
extamiz,2,
Baller,1,
MrCryptoLaw,1,
xingguang,2,
Xing,1,
Ico,1,
jorda0mega,1,
PunkOperator,3,
JOSH.EVANS,2,
aleph_zero,1,
lynettexyz,1,
Kookooâœ¨ğŸ®ğŸ¤,1,
FreshTendiesğŸ¦ˆ,1,
funkyculleyğŸ´,1,
34tista,1,
silver0601,1,
Ben | Keep Capital,2,
Cryptofameboy,2,
å”¯å”¯è«¾è«¾,1,
VDizzle7,5,
Fields,1,
Scebazi,1,
xyz,1,
wojtek,1,
Pedrovg,1,
jargueta,1,
zink,5,
AROS,1,
PerfectGent,1,
Baller,4,
fwdescape,1,
sujithv28,1,
PoliticsNFT,4,
Kristen,2,
IMGroot,1,
Dres,1,
etetz15,4,
DarwinMolina,2,
RoninMillennial,2,
WarLAN,1,
Jalil - LMo7,1,
shlokafc,6,
couchbrotato,1,
jxs,1,
Matulis,2,
Pwen,1,
jhetoice,1,
Danieh,1,
Stoff,1,
miquelTC,1,
imbirk,1,
Ian07,5,
PattiHauseman,4,
Kryptik,1,
thebeyondr,3,
sanjeevrao,2,
yyxxzz,1,
Antoine,1,
Yoloswagmaster1,1,
babubibek,2,
absk.srma,1,
matthewchaim,1,
Pancho,1,
avocadoexpert,1,
Mere,1,
rowelds,1,
Dhaiwat10,1,
o-mars,4,
cliffordattractor,1,
Block Enthusiast,2,
Noism,1,
TC,4,
0xArya,1,
CatMan,1,
"c0ncepT (ğŸ‘¾,ğŸ‘¾)",2,
JackDaw,2,
AshKetchum,2,
BkCMart,1,
lunarstair,2,
Vengeful Jeff,2,
abrown.eth,2,
spaceCadet,1,
Elliott,2,
gringalicious,1,
CryptoVikingr,1,
luuuu,2,
Knokando,2,
restingrichface,1,
shawn,2,
Miles,1,
CC,4,
ä¸ƒå…¬å­,1,
joshuah,1,
capitan8,1,
0vale,1,
Amos | Pionex.com,1,
enkriptix.eth,1,
incoherent_ape,1,
jules_o,2,
Jâ—HNNY ANDRâ—ID,1,
berkmolla,6,
Bella_S,1,
0xY,1,
Jvå®¶ä¼Ÿ,2,
JDM,2,
Lionâœµ,1,
Sauvajohn,1,
Greg,1,
CeS,1,
skii,1,
zaxarov,1,
michael_thangg,2,
Travitron,1,
! 0xKristian,1,
BenHamPhil,2,
cathesaurus,3,
Pooja Ranjan,1,
bigSizeMove,2,
quant321,1,
esiedell,1,
georgefcg,1,
grazirocks,1,
aghawr,3,
Gratitude,1,
MildBits710,2,
haipi,1,
hovni,1,
hartex,3,
neoTrex,1,
masa,1,
AP,5,
Defi77,3,
Dhruv,1,
kwolz,1,
opivanov,1,
askender,2,
kaiwen,2,
uptheirons,1,
sikocb,1,
steveykim813,1,
apostate,6,
haochizzle,6,
kapital.k,1,
cryptochris,6,
ainethereum,1,
ktb18d,1,
FSPandaKat,2,
bian,2,
professornfty,1,
apkross,1,
PeeJay,1,
delronde,1,
defideli,1,
AugurInsider,1,
defiDegen,1,
kash,1,
Sandipan,1,
feiniao,2,
cryptoshepherd.eth,3,
shaahid77,1,
Antonio el Persianas,1,
0x39,1,
crankin,5,
vgk,1,
unknownunknowns,1,
flaneur,1,
Lucid.Nick,5,
abbe73,1,
Cryptoninja,1,
mba,2,
valpogi14,1,
TrevorFrench.eth,4,
lili666,1,
Cyber farmer,1,
Fairway61,1,
0xBoomer,1,
LudMilla,2,
Mark Tan,2,
BSC,1,
Bates,1,
Mr.majee,1,
wallfacer,1,
Nagato æ³•,2,
æ—­äº®,2,
yeepeace,1,
sevenmachines,1,
Alisa,1,
holly,1,
Cooper,2,
dann,1,
waldemargm,1,
LauNaMu,2,
Gobankless,1,
Kimlen,5,
pax,5,
Yanis,1,
biere.pizza,1,
starwolf,4,
ywzx,1,
Scotty,1,
Roy Zou,1,
naspacus,1,
HeuRea,1,
MozooZ,2,
Sam Hebda,1,
jdbollox,1,
jperrat,1,
faustDAO,1,
zackaweed,6,
Samuel2k,1,
Roy3,4,
Leisuretown,2,
Ownenated,1,
humairawalzay,2,
Eric Hartono,2,
ions,1,
Ian,2,
Broseph,1,
Heatchem,2,
myke,1,
"richbro|è´¢å¯Œ.sol| ( ğŸ± , ğŸ± )",1,
ZeroMetaverse,3,
socalikicks,2,
doitforyou,1,
Epick,5,
aurelia,1,
mooninpapa,1,
Julian,2,
ridgerunnr,1,
toofxd,2,
avi87,1,
LouisTA,6,
clvnng,1,
gaurav,1,
dozens,1,
samparsky,1,
ivylee,1,
ÎL Pâ’¶SO,1,
itscc_,5,
DerpTwerks,1,
blockchainlugano,3,
julie,2,
pepsinated,1,
klipa,1,
suitnop,2,
Kinkodorobo,5,
StateClayer,1,
commanderkeen,1,
katerin,2,
Andrew Cm,1,
TAOTAO,1,
SuperN0va15,1,
HugoFreire,1,
MrBUIDL,1,
GraceRachmany,1,
alanzhou,1,
! DYOR.me,1,
strypii,5,
edwardna.eth,1,
ğŸŒ­ Loudog | C4,2,
joedoe,1,
Iurii,3,
tgoerblich,1,
InferenceAsia,1,
skyfallsin,1,
sascha,2,
ksintmelody,1,
gladiator,1,
Pheor0,3,
prosciut,1,
Flapjacks,2,
sebastiansgz,5,
Bucky,1,
pap,1,
ThesabanrabMMe,2,
ermohann,5,
Harbard,1,
mayi,2,
Delaney,1,
rookdpo.eth | AUTâ€™d GOAT,1,
emmymus,2,
bitsapiens,1,
Kanto,1,
Babble,2,
Dannyy,1,
ckandres,2,
Dieguinho,1,
Chris D,1,
Miki_Pz,2,
TiTi,1,
"vishalsachdev,eth",1,
LiviuC,1,
0xc1,1,
jamome,1,
OmegaNarwhal,3,
DerFredy - DragonStake.io,2,
Angler,4,
N2000,1,
ianlin,1,
mathmagick,2,
Wade,1,
DeFi Wizard,3,
sangirard,3,
fresh,2,
Antp323,1,
sam_b_ran,3,
ShadoWDGHT,1,
monke,1,
Log0x,1,
briokaraoke,1,
Charl3s,1,
joeylee,1,
Zaunzi,2,
axelrod wannabe,2,
Shree,1,
Alks,1,
inner-boff,2,
franrimoldi,2,
Draeieg,1,
bejaxer,1,
DelPiero,1,
MarÃ­a Victoria,2,
stin.eth,1,
reddevil,5,
5dayoldburrito,1,
lawlm,2,
Stonky,2,
Mike_del,2,
failed2yield,1,
zulander,2,
24lucena24,1,
maga98,1,
mgxs,1,
Element,5,
carlosmorsan89,1,
OmarIsComin,1,
Berk | Princess Camel,2,
Romb1k,1,
nftesq,2,
Jesper | UMA,2,
reddevildoc,5,
Markus,1,
Octo,1,
yolkeddegen,2,
codenunu,2,
gululu,1,
Reed,1,
o-mars,1,
elhombre741,1,
Jesse Zondervan,2,
phil.eth,1,
llamaboy,1,
ioncrest,2,
jacuzzi god,3,
dyhbrewer,1,
m.vawter,1,
Godfather,1,
FUJITA TAKUYA,1,
Lilychen,2,
shiziwang,1,
pujimak_in | Index,2,
jin,2,
dq,5,
0xKun,1,
FreeOfAluminium,1,
spenciefy,1,
glebshumakov,3,
stankleg,1,
Bitmania,1,
Fer,1,
rbravo,2,
mrbigshot,1,
NikÃ³laos,1,
"itzamna(ğŸ—¿, ğŸ—¿)(ğŸ”±,ğŸ”±)(ğŸ§ª,ğŸ§ª)(ğŸŒ³,ğŸŒ³)",4,
dneorej,1,
Anish | Third Wall,1,
fiona_CryptoFi,1,
SpaceXponential,5,
Brown,2,
jc,1,
TheBoe,1,
kimyomiee,1,
DiabloF1,1,
TomJF,1,
ucdcoc,1,
anuaimi,4,
MPE3,1,
babyjuice,1,
Ger,2,
jacopogio,1,
fizzstones,1,
Leah,5,
FreeRadical,5,
dridri,1,
Max Rothery (Finimize),1,
Theo Born,1,
fugio.eth,1,
Jols,2,
Dave Goldblatt,4,
AP3000,1,
capo plaza,2,
sebss,1,
Forge,1,
Jim_Nomad,1,
vidallio,1,
LFG.Teds88,1,
Garry MY,2,
å¿ƒä¹‹æ‰€å‘-å¸½å­,1,
Sir JM,1,
qris,1,
likwidkirpans,1,
kairo,1,
Donnie Degen,1,
Tina0032,1,
ken,1,
Anon007,1,
Beebit,1,
jianan,2,
afriendofrodriguez,2,
vezir04,1,
Gingah,1,
ONE,2,
akiraClear,3,
tpecks,2,
Ax_STARKz,3,
shane.a,1,
Crisliu,1,
Jean,1,
Noubar Tedjirian,4,
9526,4,
adibhattar,1,
Evboi,1,
G1857,1,
stegallo76,1,
KW,2,
suzamaki.eth,6,
Epistetech.eth,1,
MatthewEvolving,5,
Raz,1,
tronesto,1,
akosimarvin25,1,
theyoungcrews,1,
Scott Fuzion,4,
Rogi,1,
chair ğŸ™,1,
"å…±äº§å›½é™…ï¼Mikeï¼ˆğŸ¶,ğŸ¶ï¼‰",1,
Tank,2,
bacon,1,
indefatigable.eth,2,
Theo,4,
leder,1,
Eglobal,2,
TrotNixonLine,5,
Keyless012,1,
Mark0Polo,2,
Parkerhendo,1,
anvaynk,2,
Ziranal,2,
MiekoNyan,1,
drx,6,
kn00t,3,
danauld88,1,
BASÎDPÎPÎ.eth,1,
slayer_,4,
DarkPine,1,
NUT3Y,1,
barnsey,2,
naoki_akazawa,1,
cas,5,
Jeshli,2,
Zabelle,1,
Harry,1,
APE | Trost,2,
James | NEAR,1,
tik,1,
! spense,1,
fxjim,2,
Sabio,2,
joshb,1,
frytos,1,
ShrayBans,2,
ALPACA | Luca,1,
NaohBot_Mod,1,
Nvigor8ing,1,
Jeff H,3,
JimmyYin,1,
oxnokand,1,
Edwardmain,5,
christopher_carnevale,1,
zdh19875926656,1,
mornorx,1,
Diogo F.,3,
clayton,1,
Cryptobr.eth,5,
Medskii,1,
pmoniaga,2,
RuudboyğŸ´,4,
Steve | Collective Build,1,
Arris,1,
am_and143,1,
derek,2,
withab,2,
shahBB,2,
"Player 1 (3 , 3 )",1,
rbechtold,3,
chrishlad,1,
Clem_Fandango,1,
0xFriktion,2,
Sonmer777,2,
tomo-hata,1,
griffinsockwell,1,
EmmaCheng,1,
xiaoxiao,1,
Nick E (He/Him),1,
perrera.eth,1,
yhp90,6,
alkie,1,
theJorge,1,
bought_the_dip,1,
Churro,1,
ak5123,1,
JMolgora66,1,
seel,2,
Nananan,1,
Quac,1,
å°å,1,
MadCeleb,1,
"leesama (ğŸ¶ , ğŸ¶)",1,
ç‰›å¥¶å ‚,1,
BjÃ¶rn,1,
Fizzymidas,3,
luis arturo,1,
k$o,2,
Catire,1,
freeqnasty,6,
Arvind,2,
wwjonesy,1,
poopster,3,
GonzaRayista,1,
King,3,
dfelixc,2,
kunj,4,
JosuÃ© Silva,1,
gnw1,1,
iazid,1,
J.R.,5,
0xDeFility,1,
Rossco - SyncDAO,1,
Leif,1,
mugui,1,
PandaLoaf,2,
Polystich,1,
CapnCrunch,3,
pizzaboy89,1,
bestas,3,
avi,1,
0berly0 / 820,1,
JacobZhao,1,
azng,3,
maxwang,1,
frun,1,
Text34,1,
mrhackson,1,
Rohail,5,
NFTgains,4,
rulls,1,
RIGHTinDAfeelz,1,
33TM,3,
Kais,1,
DamSF,1,
xmd404,4,
mkmkmkmkmk,1,
Ashu,1,
LUCIFER,2,
N3ux7z,1,
Ophilz,1,
Nebra,4,
The Gwei,2,
tvb,1,
phosphor,1,
Goldsmith,1,
gussmoments,1,
FreakyFangirl360,2,
Grace Gong,2,
i&o,6,
mr_woof,1,
jcorvarg,1,
jamblam,4,
francesca3228,1,
0xbbd,1,
TheESpendable,1,
pabloxkn,1,
Bumpredd,1,
Î•astbÎ±n,2,
jonschroeder,2,
Wilhelm,4,
Pujeet,1,
jbcards1494,1,
burger_bob40,2,
æŸ³è¨€è¯­,1,
merdzdm,2,
karol516,1,
Shtirlitz,2,
viN040,1,
felander,6,
Yuval Hao,2,
KingDoge II,1,
junekim23,1,
eastirv,2,
tanambao4 (Monaliza.app),6,
wendsday,2,
Aleksei tv0roq Emelianov,2,
Opi,1,
Ktl_XV,3,
THE MASTER JAVI,5,
ZayiRey,6,
Donaldo,1,
Santiago,1,
AWAY,1,
NatyShi,1,
DO,2,
Anthony Bertolino,1,
muskan|Polygon,1,
Crypto_Texan,1,
Robin Goldberg - Pajeet Punisher,1,
irunthecity,1,
JerriZA,1,
Genoxy,1,
sangm,1,
Jay_19,1,
Marcellus,1,
Arkiant,1,
Musaraign,1,
xiaoseven,2,
Heebert,2,
oops,1,
guanqun,2,
diwen,1,
vtm88,1,
fei,2,
melch,2,
Theresa,1,
!           CJ | Atlantis World,1,
Crypto Zach,1,
Digil,3,
lyke,1,
JackL,2,
Mike,1,
Goro,1,
Alex Kozlov,1,
Electron_Basket,1,
SunTzoogway,1,
sleety.eth,3,
UndergroundGritty,2,
laloknows,1,
Aabbron,6,
blackyoda,2,
Reed | POAP,1,
ColdLasch99,1,
whatsthedeetz â™œâ™œâ™œ,1,
Tehen,1,
elcoyotex,1,
pinchichito,1,
dwingate,1,
DrBane,1,
1a35e1,1,
Hady,4,
Philippe G,2,
dk,1,
camo,1,
Andrew | Reality Cards ğŸ´,1,
CCÎÎMM.ETH,1,
x25cd,1,
micah,4,
æµ·èºå·,1,
YS_Crypto,2,
neoc,2,
ã‚¢ãƒ¬ã‚¯ã‚µãƒ³ãƒ€ãƒ¼.eth,2,
DeepSpace,1,
S E 7 E N E I 8 H T,1,
railroadinvestor,2,
imhs,1,
MarSanntt,1,
bigcoin,1,
CryptoMoori,1,
AJ | Tracer,1,
pz2,2,
å°åŠ ,1,
Raven,5,
knavery,1,
AmazingKid,3,
ceehart,1,
mpp112,1,
LoneStarCrypto,1,
Evan B,1,
rafe,1,
vader,1,
BlackJack,1,
ChaituVR,6,
0xVetzo,1,
Jum,2,
paulz-nj,1,
sleeptowakeup,5,
HB,1,
Kafka,1,
sheeesh,5,
TACKAP,1,
lookinghandsome,2,
neil,1,
Andrewk,2,
SamR,1,
DeFi Chad,1,
RyThomas90,1,
CD,1,
"bitrocks(0,1)",1,
dcmii,1,
pmikeola SWOLE|KING,1,
digimo,1,
Mike7GB5713,1,
mrfinely,1,
Shulba,1,
Tomm,1,
juanporta331,1,
person | WoH,2,
SenorMayhem,6,
rayyao,2,
nklansek,1,
BigBoyQM,1,
Adbhut,2,
176-761,4,
Lifty,3,
NoClue,1,
JoseA44,1,
aramio,1,
stopwatch,1,
Aidonist,1,
hexa_d,1,
Conor UX & UI,1,
ultraSound45,1,
skylenet,2,
Typto,1,
din3R0$$,1,
SexRobot,1,
Rado,3,
hwrdtm,1,
kobybriant824,2,
cemalyesilkaya,1,
EDMz Asura,1,
r33pich33p,1,
rainman,5,
seaNNN,1,
justclickinbtns,4,
Fran Ãlvarez,1,
jobaba,1,
Ulysses31,1,
rain,1,
DrXL,1,
Jared,1,
palt,1,
Jayen,1,
"b45142d (3,3)",5,
AdrienDLT,3,
dacaicer,1,
datahygiene,1,
rEdPaNdA,2,
Maxwell,1,
Glasstempo,3,
digipo,1,
Quaison,1,
TimofHouseStark,1,
zhjy12,1,
Tim,1,
will999,1,
Starry,2,
Solmyr,4,
socryptes,1,
Haidro,1,
DanO,1,
Ramiel,6,
EvaZhao,1,
Hazza,2,
kareem.sol,5,
Amadeus_Bagnerr,1,
PachuPichon,1,
Kala Ghora,1,
OYO,1,
anananan,1,
mpj,1,
vojta.eth,1,
zerorange,6,
nnnco,2,
Leandro84D,1,
PB_Invictus,6,
Maxlife,2,
oliver beteta,1,
borked,2,
Vincotto,1,
Mr.Gin,4,
Lawrence,3,
krytie,3,
crabsinger,2,
antihero,1,
WooWong,1,
elmagicojay,1,
Stefan ğŸ—¿ğŸŒŒ,1,
asr23,1,
frank.powers,2,
Keytang,2,
zakalwe,1,
Same24,1,
rekpero,1,
FreeFun27,2,
Tjark,4,
onceflyhigh,1,
sylvia,1,
0xNosedrop,1,
lordarce,1,
kapinkrunch,2,
Chii,1,
Sean | UMA,1,
sadbullser,1,
Jngarcia,1,
EdDynamite,2,
æŒ–çŸ¿å°æœˆç‰™,1,
chippo,5,
ğ™¨ğ™ğ™–ğ™¬ğ™£ğ™©ğ™šğ™¡,1,
Gabe,2,
svcsvc,1,
çªçªçªçªã€,1,
devendra,1,
tao67,1,
MarProject,1,
Jonk,1,
ykww,1,
David_,1,
Free4Eva,1,
ChugsterUno,2,
AKStudio,2,
alex95ramirez,1,
jotatotal,2,
GK,2,
(Mr. V),2,
V3,4,
xzshams,3,
Constantine,3,
jusbreel,2,
maikman,4,
MachinePete,4,
Derola,1,
Dr SpEnCeR rEid,1,
gstv,1,
jiurou,2,
shahankhatch,2,
KagariD,1,
CartoonClouds,1,
matthieu,1,
Linalin,1,
CD,2,
babyZ,1,
Toms Amway,5,
CryptoShaggy,1,
CamGreenburg,5,
robb,1,
Cav,1,
0xste,3,
turdburglar,5,
jonhillis | â‚¡ABIN,1,
tongnk,1,
0xGoodnight,1,
Eli Nuss,1,
ANKATU,1,
Tao,3,
epg,1,
Dog,1,
CarlosC,3,
santinno,1,
!ğŸƒç¾å›¢éª‘æ‰‹å½±ä¹,1,
alexcollier,2,
RK,1,
Lenonmc21-[Traderâ„¢],1,
Tap.eth,2,
MichaelCJoseph,2,
madlog1c,5,
KCC,5,
vyzion,1,
akhil,3,
Nelson,1,
DppCrypto,1,
jread925,3,
sam4tang,1,
Akhel rana,3,
basso.eth,1,
And,1,
ramonavic,1,
W.Y.I. Abueleyan,1,
Steven Mejia,1,
nick253,1,
Cornisgud,6,
cmonies,1,
CryptoinsightUK,3,
ğŸGoatGuyğŸ,1,
fakeneuron,1,
"robinhood Î,Î",4,
Burbanito,2,
Aureus,2,
Lukassim,1,
russomom,2,
Van,1,
pineappleperson,2,
BBQchloe,1,
wbrianjolly,1,
Tony O.,2,
VikingNomad,1,
kenny_blankenship,1,
lawdogg,4,
Jihazz,1,
Daweed27,1,
WILDTYPE,1,
SirClyde777,2,
ahaaniqbal,2,
nahster,1,
HappyB,3,
Wraithers,3,
KevinG34,4,
Anderik,1,
mikeymckay,1,
catz,1,
fccxw,1,
yeahbuddyaz,1,
yami,1,
Zep3,2,
creole.btc,2,
nguyenhoang,1,
MrDQ,1,
! mochi.li,1,
mikheevm,1,
JuWizd,4,
Shaunto,2,
richernoble,2,
jksiankope,1,
m3p,1,
John DeMaris,1,
Zehuti,1,
0Zero2048,1,
jÎff,1,
Mitchell,1,
Vrnc,1,
0net1me,5,
zhaocheng19830507,3,
milancheserbia,1,
defyinggravity.eth,1,
shefu,2,
bitcoin_monk,1,
lion10,1,
AlNeri,1,
Daig,1,
listnn,2,
Holojerm,1,
hazelnut,2,
Scifer.eth,1,
gubla,1,
Mark Berry | Opolis,1,
K8,1,
nash,1,
Lone1,1,
Lucas | Mycelium,1,
MineDataCap,1,
lasvegasrefugee,1,
Semio_Curio,1,
cx,2,
Tromos (Mitch),1,
Rebelry,1,
chillerwhale03,1,
waffles,7,
ì í–¥,2,
android333,1,
mrdan.eth,2,
chris_t,1,
hendog,1,
DAVIDyang,1,
kifukurin â–¬Î¹â•â•â•â•â•â•ïº¤,1,
Salmon/ã•ãƒ¼ã‚‚ã‚“(ã‚ã½ã‚),2,
CryptoStriker,1,
Ben Jacobs,1,
mat,3,
katherine RÃ¶ller,1,
gl3b,5,
PastorManDan,3,
Nyko,1,
CryptDoh!,1,
mortdracu,1,
Harri,1,
Crypto Moondaddy,2,
Trip,1,
Soulshine89,1,
0xKiwi,1,
FlowBear,1,
immark,1,
jiaowohundan,1,
forrestpump,1,
helo le,1,
Ataron,1,
0xDavin,1,
ElliottA,1,
Ricco,4,
radicalpanda,1,
theding0,1,
Chris.Li,1,
shovelandsandbox,1,
GuilhÎrme Bertolini,3,
gh0stmanV,4,
jonty_artst,1,
Hollandor,2,
Li,1,
El0n,1,
IgnacioM,1,
Supernovan,1,
kferret,1,
Sam1212 | á´®Ê³á¶¦á¶œáµáµ—áµ’á´¾áµ˜â¿áµË¢,1,
Shearer,2,
Dee-Money,5,
holmes,4,
BammBoii,2,
äº‘å¥•èµ„æœ¬,1,
falkoder1,1,
catchphrase,2,
papa4real,1,
rf_jr,1,
13woolf13 - cjbaran,4,
toby,1,
erwin,1,
0xBinji,1,
SusScrofaN,3,
HipGeeks,1,
jackb1026,2,
tao,1,
Charlie // NFToastieğŸ,2,
AshleyCP,1,
AJisEveryWhere,1,
blokzinciri,1,
OnBooze,2,
kitoshi,2,
MazyGio,1,
Excelsior-1,1,
King Lu,1,
chxpx,1,
wallypues,1,
WinstonF11,1,
vikassah,1,
CryptoBloc,1,
MK,2,
vickydiscord,2,
0xSavage,1,
gkerr,5,
Thynan,2,
eryky,2,
Filter X,1,
tonz,1,
(SERGIO),1,
ZenChan,1,
alfonhg03,1,
JohnnyD,1,
jon.c,3,
spritemoney,1,
vinbit,1,
gradyswith,2,
Fattius,2,
TheYoungAstro,2,
NoCap,1,
DurrBurger,1,
Meir,1,
Ajax,2,
Saheedwealth,1,
liwang,1,
NachÃ¸,1,
Notorious,2,
JohnAmorosana,1,
tomcritchlow,1,
zkchun,1,
iÃ±aki_comuniDAO,1,
pizzaking,1,
ProdiG,3,
Priyank Bakshi,1,
DauntlessDegen,1,
max,2,
MerkleRoot.eth,1,
huxo,1,
andy  666,1,
Blockchase,1,
cryptominer,1,
BrotherB,4,
xtamer,3,
neil,1,
Shaun,1,
ChinaMod,1,
hippoie,4,
sweee.eth,4,
pedro salinas,1,
eviltony,1,
ewink17,2,
cryptodevon04,3,
chef_lars,2,
baraa,3,
RegularZig,5,
Paya,1,
baques,1,
SRClaudio,1,
pixeltric,1,
Joichiro,1,
obeliskgolem,2,
Hadi,2,
Lautaro,1,
pondoc,1,
foofork,2,
No Loom,4,
felipe sosadiaz,1,
apps81,1,
Hashminer.ve,1,
ernestdift,2,
obsidian,1,
Putmeister,1,
ilkeci,2,
liang,1,
alev,1,
Siberic,3,
RichardMooney.eth,1,
neery1218,3,
KatrinGB,5,
austinm,6,
Bilgin,1,
jaaaaad,1,
Harsh Patel,2,
Woap,2,
DefiEnthusiast,1,
EmeraldStone,1,
MRM,1,
Rob Moss,2,
zop1997,1,
Gromad,6,
Gwindarr,1,
Capone,1,
castandspear,1,
0x1,1,
Joshio,1,
LySergicDeFi,1,
tonyang,1,
bronco,1,
Flowwolf,1,
To_Ra,4,
rambleraptor,2,
alexisss,1,
Hierbaz,1,
MoonicornSteve,2,
Kingdom,1,
Dimitri,4,
Marcos | Marketing,1,
eiman,5,
ZZZXWWWW,2,
rulassie,1,
"DrTsunamy (ğŸ±,ğŸ±)",2,
ed,1,
RunDMKong,1,
btgbege,2,
wizardfrog1,1,
Wtongcan,1,
KikeMelli2,1,
Jacob | Launch House,1,
the.tsk,1,
timheiler,1,
Puff,1,
MattyLeight,1,
Duma,1,
ef3n9r98,2,
chilukuri,2,
0x_wes,1,
Daniel | NFTBank.ai,2,
MetaKan,1,
vincentview,2,
aristotelian,2,
Rct.Fleky,1,
Rickle Pick,5,
Nate_,1,
ä¿Šæ¶›,1,
walala,3,
0xShah,1,
JJ Doozy,1,
Rodny,1,
askmek,2,
Stevelee8,2,
Minh_Hanh,4,
Andy | Synergy of Serra,1,
Ripto,1,
Alx-EZ,1,
Platoon,6,
treeek,2,
æ‰¬åå¤©ä¸‹,2,
Gunvant,1,
ap3113s,1,
Jeff,1,
dame_doubleu,1,
docceng,1,
Shady,1,
xxxROSHI,1,
rube,2,
0xNima,2,
Ignacio,2,
Sebparis,2,
peasoup,1,
benjaghz,1,
Deja_vu | 2pi,1,
Sual,1,
WhereAreYou,1,
bryanoliveira,1,
wilmen,1,
uwecerron,1,
tmagic,1,
kai larenz,1,
spoxz0r,4,
saintzack,1,
liltimmyb36,2,
floar.eth,2,
sergihnno,1,
Guyb,2,
d0z3y,1,
Kaymo,3,
_solidgas,1,
robinwen,2,
yutsun,1,
shivamgarg,2,
NoCookiez4U,1,
tomgeekery,1,
Meow Stargaze âœ¨ğŸ”­,1,
lopesj107,2,
piLox,1,
Haywired | Gro,4,
kwhuo68,4,
chenvii,1,
yansc022,1,
manumg,1,
colourlessgreen,1,
0xEliz,1,
shatian,1,
jes,2,
crimsonefr,2,
XtraChewy,1,
jasminew,1,
Ian1111,1,
Naminjeya,3,
gargolillas,1,
paul,1,
! Alexintosh | PieDAO,1,
Tomnomnom,1,
mcwills,6,
Arlen,2,
Shy Tyler Durden,1,
MochiW,1,
Dirk,4,
MetaverseThreads,1,
CryptoVerse,1,
Rick Crosschain | HoneyDAO,2,
Sincryo,3,
Naxxxete,2,
DetectiveCoopdawg,1,
miro,3,
nicabar,1,
NoTheOtherMichael,1,
Elodie,1,
davidonka,1,
TheFearOfRobots,1,
0xRicas,1,
Mateen,1,
nissan,1,
Jonica,1,
fefrosa,2,
Walafuse,1,
notjojo,1,
clamato,2,
dayvisit,1,
Fishy,1,
makeamillion,1,
Kelche,1,
blount,2,
icrus,4,
GeneGMB,2,
govt,3,
suuuupAMAN,1,
Yapcaa,1,
e0kra,4,
KindianaJones,1,
sven,5,
JKIII,2,
avahal,2,
ali,1,
Abie,1,
AlmostScientific,2,
Divyansh,1,
xiakezhang,1,
cryptoranj,6,
DogeDapp,1,
Spooky Garoppolo,1,
turbopenguin,2,
Jasper,1,
paodlm,1,
astrax,1,
angelgomez.eth,2,
Mikkel KjÃ¦r,1,
NoiceSpaniard,1,
Dgh0st,2,
antoineherzog,1,
kevinmcmurphy,1,
Matthew Demidoff ğŸ´,1,
bitrock,2,
revolute,1,
jfox,2,
rizi,1,
Archetype,1,
OromÃ«,4,
astonchik,2,
Blackfort,1,
Kong,2,
penniless,3,
ye5terday,1,
blink-or-not,1,
Varyints,4,
jiggy,1,
bwilson07,2,
smittyboi,2,
"bollibol(ğŸ’,ğŸŒ³)",1,
Jeanne110,1,
Ammar.,2,
shrey,1,
Jonathan105,1,
MÃ¤shmellow,1,
LostCat,1,
KingEman13,1,
sethfork,1,
Mossecraft,2,
Fumoru,1,
qdlin,1,
zeroauthority.btc,1,
Fisayo,4,
djiit,1,
atxeka,1,
Tangle,2,
siunami,2,
ifhoo,2,
F5,1,
cryptocracy,1,
eperez,1,
nel,1,
shanshiva,1,
willg,2,
qknow,1,
ç¥æ¥½å‚ã‚†ã‚ãƒ¬ã‚¤ãƒ³,2,
mooredant,1,
Gulpin,1,
malkaviam,1,
Sabbie,1,
lexstorm,1,
robko,1,
bodhi,2,
iSpeakNerd,1,
evantana,1,
Jonathan Erlich,1,
Kristof,4,
Russell,1,
Hauser,1,
cruz,3,
craftrealities,3,
DAB,3,
iblackr,2,
akaneural,2,
Saint Aubyn,5,
simon,5,
exnih,1,
caudi,1,
Tron,1,
Metageist,1,
Ser_Stanzi,1,
santiagomatellan,1,
neiman,1,
longdemao,5,
dujo,5,
cristian3284,1,
untokyo,1,
adribarreda,1,
PTğŸ…°,1,
Aliassad1976,1,
BillyMo,1,
Jeff Jeff,3,
Soleman02ğŸ´,3,
Bacon ğŸ™,1,
DeFi Cook,1,
EisForEther.eth,1,
fragment,1,
marcvs,1,
Zoe in LA,1,
Sanasir_92,1,
beanchips,5,
KunDAO,1,
hirsh,1,
Ponjinge,1,
Exef,1,
hSantilal,1,
core,1,
KhanhLinh,4,
Nour,1,
tindz,2,
Wadrop,1,
Phuzzo,1,
mango,1,
JuanValdesdlr,1,
Pwnd,1,
coinmandeer,1,
alewgmi,2,
kavimaluskam,1,
Chimaira,1,
xcrossmex,1,
tarun,2,
shenanigans.tez,1,
Lavi,1,
tompson,3,
CriptoSpanglish,1,
John G,1,
HelenRose,1,
Zotal,5,
illini24,1,
jincai,1,
inakitps,1,
karlo.eth,6,
BrandonW,1,
Ments,5,
Mikey O,1,
jhcrypto,1,
GJC583368,1,
STeve,1,
Daniel Derzic,1,
hanman,3,
charlybomb,4,
Abhay,2,
abkirk,1,
Aju,1,
Fat-Tailed,1,
Edward G,1,
nannine,2,
Snacktoshi,2,
Jimmylao,1,
vacalaranja,1,
jax,1,
Marri11,2,
"dcl (âš’,âš’)",1,
Francisco Almeida,1,
BHoff,1,
Osakuefx,1,
PlantJunkie,1,
MoriMori,2,
Olivier_B,2,
rosmosisjones.eth,1,
BigD,1,
Chunz,1,
silver4k,1,
mycomeg,1,
Cabrallouca,1,
TimothÃ©e,1,
squidgyMinotaur,1,
jyd,1,
ShilfCrypto,1,
laura,1,
FeddasğŸ ,2,
0xatm,1,
DRÎBI,2,
GuapularğŸ’°,2,
Afro,1,
khop,5,
Heelbitch,1,
sexas,1,
casematta,4,
PJGA,4,
pblittle,2,
patreiklaine,1,
Sasquatch,2,
Lochness66,1,
tipsysquid,1,
eduardovegap,2,
mohanpierce999,6,
wkw,1,
sakho.eth ğŸ´,2,
makerjak,1,
Jo K,1,
veradium,1,
Reinardo,1,
IntoTheWild,2,
folks,2,
Jucarel,1,
"Proof of Steve (G,M)",1,
annika,2,
sonny_bonds,2,
Archeus,4,
heznd,1,
smugtoaster,1,
jabyl,3,
crzyc,1,
swann,1,
DeFiVader,1,
punkpunk,1,
Alois Perspektiv,1,
matlecrypto,1,
fanfansky,1,
kvyin,5,
FZC,1,
Alhaji,1,
firegoal,2,
BTCSugarDaddy,2,
Ieperen,1,
IanL,3,
chanho,4,
Boolean-Bullion,1,
Kadastross,4,
octopusred,1,
bui,1,
igrice,1,
chloe_w,1,
Martijn,1,
Zach_NFT,1,
cola,1,
graceeee,4,
Nhat_Thanh,4,
sunascendant,2,
alfrompanama,1,
eewing,1,
JU,1,
Trigonal Gallery,2,
"Tom (ğŸ›¡,ğŸ›¡)",1,
sytaylor0x,5,
Lawreight,3,
billyjitsu,1,
lucaslatour,1,
blackspawn,1,
David49,1,
Bepis,1,
cocreate,1,
Copy,1,
vincentview,1,
jan,2,
zucchini_hands,1,
Nick000,1,
secretwalter,1,
superthank,1,
Rileyriler,3,
Xevi,1,
jamesjiang,1,
starfish,1,
leezard,1,
bigpapi,1,
simianaudio,2,
Raul CS,4,
Martinnn,1,
Capie89,4,
farrubhen,1,
Hammertime44,2,
MarioHass,1,
jaycrae,1,
Arem,1,
meikuaikuaiä¸¨HAPE,1,
Buzzyburke,1,
duoduo,1,
gonxi,1,
Mrk,1,
Dom Nesbitt,1,
PercyFleur,1,
jyh5664,1,
stephania,1,
antique_doge,5,
marquitos,4,
jesse,2,
zai224,1,
MCJB,2,
brendan dev_group,1,
dazza9,1,
Innoculo,2,
longhorn,1,
0xChristian | hjaelp.io,1,
Lille Fille,5,
guiltyduck,1,
fxture,1,
Nakamotolisk,2,
llamacorn,1,
0xAlan,1,
Gower,1,
ozzelito,1,
Yieldinator,1,
thenotoriousrnj,1,
Bmer,4,
john snacks,5,
PlayWith.eth,3,
Jonny-R446,1,
KevinRupp,2,
seeker1426,1,
zakg,2,
adilmajid,1,
ENA,2,
optimusrda,1,
swooshBOOTS,4,
kidrane,2,
rah,1,
Watchman,1,
kernel32bts,1,
lawson7,1,
Captain Lootanimals,4,
heater,1,
0ne0ut,1,
Mooveout,2,
defimike,1,
ywzx,1,
Domitrius,1,
Kranzthor,1,
gideon,1,
g2020,1,
eduvasques,1,
tj92,2,
Lancezzz,2,
CryptoRandy,1,
Geerodge,3,
tk,1,
0xHM,1,
Zoee,1,
danhwang,2,
dheavy,2,
manuel.os.99,1,
BlackKaisser,1,
xCryptoBro,3,
stfn.eth,4,
veganslut,2,
petzlux,1,
fomosapien.eth,2,
cryptofreebies,5,
nickdcooper,1,
Yoyo_55,1,
Julian Jacobson,1,
FrenchTony,1,
Quint,1,
Allegra,4,
gabe,1,
oyemacfly,1,
alejandrok,1,
lesmiserables,2,
Michael Ten,1,
Kaizen,4,
monzimuel,1,
Umeku,1,
4nonymous,1,
ctergyro,5,
Evil,1,
"jÎ (ğŸŒ³, ğŸŒ³)",3,
xinruolianhua,2,
Graux,1,
upandbeyond,1,
Notanotherbinge,1,
Antarctica,1,
alfnwil,1,
mpl,1,
Zach,2,
Woonderful,3,
DruRly,1,
0xAnon,1,
Evrimoski,1,
g_dossiers,1,
Evolving Jeyoung seo,1,
rumanumajee,4,
jatin,1,
ea ea ea soy rafa ea ea,1,
Darr,3,
rkfalcon,2,
madpunter,1,
Sectumsempra7,2,
mv,1,
gbugyis,4,
jal-arg,2,
2L,1,
Tracy Li,1,
Alercard,1,
dengjiebin,1,
Appie,2,
jefftunn,1,
"harsh3006840(â…¢ï¼Œâ…¢ ğŸ± , ğŸ± âš¡, âš¡)",1,
davlucmac,1,
Gama,1,
gmishra,2,
jadejatch,1,
DiegoVilla13,1,
Z3r0,4,
zman,1,
Gaia,6,
redux,1,
DarkTux,1,
0xBruh,1,
sÃ¼p,1,
MartinW,2,
JMeta,2,
hawenle,1,
AO_Booster,2,
arbifan,5,
aguzmant,3,
JL,1,
echo,1,
Jin_,1,
diatle,1,
Danguba,1,
potatodoge,1,
Daniel_,1,
JuanLuisEscalada,1,
rickmanelius,2,
bibodeng,1,
kevin p,1,
Charlie422,2,
Scott,1,
BeeBoi,1,
metabehr,2,
cryptomagic,1,
RedRooster,1,
El Taco,1,
Tellies.eth,4,
kvwong,1,
Joachim,2,
Pie,1,
AsymRisk,1,
Jason | DeSpread,1,
Jschulman,5,
Rick Perary,1,
hblpr02,1,
Seb -Eth Monk-,3,
!henri.mhl,1,
dasifgb,1,
skunkworker54,4,
Shadylane,1,
Yudai l Fracton Ventures,1,
Rickard,1,
klamm,1,
gperz,1,
Bustedout,1,
Zeb,1,
Zizz,1,
Poor_Rich,4,
AVAX.SHIITAKE,1,
Fralontri,1,
"SNK BasMan (3, ğŸ©, ğŸŒ³)",2,
daud,1,
lj,1,
wideo,1,
Jurenthe,1,
acpoweredbyawesome,1,
SockNug,2,
jkshipper,1,
OneTwO,3,
prcc1981.eth,2,
stevezhang11,1,
XxGunnery,1,
devi0usdavid,1,
Curious George,1,
Hale,1,
JadeCoin,2,
oneloco,1,
jmpaul,2,
blackhole,1,
ZengFanteng,1,
Chris Matthews,2,
Morraez,1,
DwZ,4,
domnim,1,
garrettjmu,2,
Danieh,1,
sushi,1,
ijint,1,
Tobi,1,
MrMister,1,
CatBasher,1,
Firelatern,1,
anishm.eth,1,
phonewookie,3,
DP,5,
pawt ğŸ´,1,
ion6,1,
LironYan,4,
BitcoinBrittany,3,
cchen18,1,
Ted,2,
phantazn,1,
krishna,1,
franperez.eth,2,
Martin *,1,
slade45,1,
Admiral Piett,1,
KnottyFungi,1,
CryptoDeus,1,
aimran9,6,
platinum897,2,
Migue,1,
seekthegoose,4,
dallenator,1,
rossoneri milan - IX Cheetah,1,
LiuHaitian,2,
harshilanand39,1,
Yuval Manchurius Hao,2,
rakeNode,3,
0023jas,1,
hydraerozine,2,
Mas,2,
Tofusensei,1,
geminidiwata,2,
philquistğŸ´,3,
Hunter_83,1,
Shirley,1,
Jaydeep,2,
D.R.,1,
silentbob,1,
aehrenberg,1,
MattWill,1,
El Asqueroso Hombre Paila,1,
carbinocapital,5,
davidbuoy,1,
ShayneHooper,4,
junkfood,2,
andyy,1,
CryptosaurusRekt,1,
artsem0214,3,
Jorge Orta,1,
uwu Rottenboy C4,2,
coingeek,2,
kristofer,2,
Philip Narteh,2,
jessie,6,
CryptoKiph.eth,2,
Zurdoo3,1,
tanuki ranch,3,
Didar,1,
formalobject,1,
nbrbot,1,
Media,1,
Bamieater,4,
maybeYonas,1,
DarkKnight,2,
jahanfar,1,
reluctant_lemonade,4,
0xbD,3,
Elon Musk crown,2,
itsbdell,2,
Emanuel Alv,1,
vitruvian-man,1,
calvaz,6,
PhillipJSpy | blak3.eth,2,
Louis Chen,1,
WhispererBTC,1,
goldseeder,1,
Jshua,4,
maddenc,1,
grend3lxc,3,
Elver Gudo,1,
ÎlNusserino,1,
Kellhus,1,
julialipton,1,
Gemini.CrickETH,3,
CryptoMVP,4,
tutu,2,
gerogehan,2,
Waka,2,
harim,1,
Tanjiro,1,
JÎ,1,
bergbahn,1,
JZBM,2,
plus1crew,1,
Godwyn,1,
Myth,2,
xupin96,1,
teedup,1,
Doc_barber,1,
LJ,1,
Dutotrdj,1,
Dub,2,
JR,1,
jofnd.eth,2,
bisco,1,
sir.chege,1,
ScriptedFantasy,4,
elaipson,1,
b.barker089,3,
RaulD1984,1,
oFALÎKoğŸ´,1,
Jack dâ€™Hauteville,1,
danioliva,1,
mike gross,1,
Hsing Fan | perp.fi,2,
palladion,4,
noodles,1,
crypTOB,1,
hermes,1,
criptoayuda,1,
DÎbbie,2,
ochoa,1,
HASCH,1,
indra,4,
dishneggo,1,
yongkun.eth,5,
JoeP,1,
Bitfalls,1,
0xjbourne,1,
Xcelencia,2,
CodyB,1,
Kuririn,1,
Cadena,1,
VSquared ğŸ´,2,
Danlewis,1,
Kiara,5,
hjton,1,
LiftedanGifted,4,
SaEmIdJaDaFTWStAnRIP,1,
Chaz R,1,
pedronio,1,
bluebird-x,1,
zenobone,1,
ä¸ªä½“å´›èµ·,1,
Benshi42,2,
sammccarthy.eth,4,
Iamobivic,1,
nave,1,
Dallascat | Chris,1,
j_madruga,1,
huiya,1,
Carlos2569,1,
kyoma,1,
garlands123,1,
Adsy,5,
andrewxhill,1,
2a,1,
rickymason502,1,
Rubyyyyyyyyy,1,
Yalu,1,
Zerrakosis,1,
bowgamer,1,
lilyssy,2,
Zaddy_Crypto,1,
hymaniris,1,
Submundo,2,
nArt,1,
bibi88,1,
LevÃ½tha,2,
yoyoyo,2,
mrf,1,
espejelomar,1,
apesAndSteaks,3,
guill,2,
ğŸ™ kyle stargarden,1,
Bilbertus,1,
honza.eth,1,
callummc,2,
JasonW,1,
Kurt,1,
IDontEven,6,
sentientCognos,4,
funkychocolate1,1,
shrike,1,
AnomalyRift,2,
Diaodiao,1,
O_X,1,
Unvetica.eth,1,
nick-h.eth,1,
0x64656c636f,1,
oskiki6,1,
Agnia,1,
umair329,1,
titozippo,1,
Bryan Zep,2,
Onyx,1,
mo$,2,
ster,1,
Mizu,6,
qhz,6,
Shak3ğŸ´,1,
newme,1,
Juanolo,1,
scopendo,1,
sarahmxxre,1,
Tangy,4,
cocoklaytn,1,
bole,2,
sparkpi,1,
Heruvim78,4,
premcet,1,
SuperHot,2,
HKay,2,
2918233924,1,
Masongos,2,
sprice,2,
c3hlito,5,
Alph4,4,
alias,1,
pfazer.tokyo,1,
dlcat,1,
Hotpot,2,
crypt.jo,6,
AgÎ·Â°stÎ³Îº,6,
Dan P.,2,
hyper-muse,2,
jpegjanitor,2,
sj,2,
p.yan,2,
KoLeeOni,2,
n8patterson,1,
Vonnie610,1,
Nickk,1,
krel.eth,2,
0nionknight,2,
vfrncx,1,
Samotth,1,
kishoraditya,1,
JFK,1,
jackbogdan,1,
SFournier,4,
Mouse,1,
ColdKir,1,
QUANTUM369,1,
defi-dev,1,
moritzfelipe,2,
Dialed6617,2,
tseligas071,1,
kingja,5,
billykempiv,1,
karthikk,1,
Kushikage,1,
thediscipule1976,1,
vicen222,2,
stein,1,
Lazarillo,1,
jfabelha,1,
sockh8ter,1,
Franco,1,
Ikki,4,
Niina,4,
dieteto,2,
Zenit,2,
James Young | Collab.Land,1,
rossy,3,
qingywingy,1,
belen.tvz,1,
Ryan.M,1,
Carl_,1,
ggrif,1,
TenacityAMY,1,
vivancolorca,1,
"andre.lopresti (ğŸŒ³,ğŸŒ³)",2,
Doctor_Owl,1,
Primagen,2,
gergabyte,1,
Supernal,1,
DeFi Baby,6,
sean,2,
block4future,1,
zwwhdd,1,
Mr B,1,
J-Money,2,
hruday,1,
irving P,1,
junj,6,
JG87,1,
toplord,2,
jedctl,4,
k1dmudi,2,
zzw,1,
Mugsy,2,
Jenny Lu,2,
CarlosRo,3,
soy.eth,1,
emikusano,1,
coolfun,1,
tomohata,1,
TuTu,1,
Jilly,1,
Barron,4,
Zhanghailing,2,
xiaopioo,5,
mr_me,1,
AzbelXploit,1,
calgo,1,
Alex Purdy,1,
xixi,1,
Taylor,1,
FatRick,1,
ssj0x,1,
Pipskelm,2,
hereon,1,
miakulala,1,
B A M B O O,1,
scrabbleboy,2,
Ruth,2,
michaelOoO,4,
Kaii,1,
la tomba,1,
NnsDAO,1,
Huyen_Huyen,4,
mizark,2,
Guppy >|< ï¸»ãƒ‡â•ä¸€,2,
Spenser | CoinList,1,
ddanny82,3,
lord_suso,1,
fern,1,
Xiu,2,
vanagas,3,
ctbbtcctb,1,
0xRedan,1,
muchacho,2,
minkoffski,1,
Megan,1,
BlackCherry,1,
JNeo,1,
Strong_Isle,1,
KienKede,1,
UVilNevaGetThis,2,
Joga Bonito,1,
raemone,2,
ciberX,1,
kai,1,
0xdavid,1,
bpceee,1,
Crypto Nerd ğŸ˜Š,1,
boli,2,
factoring_filthy,2,
tshawnh,5,
salvadorean,1,
Toine,1,
! Adam | Mycelium,1,
krissy20,2,
HarryE,1,
jeffaldo9,1,
Satori,2,
Crypto Naga,1,
CabriLocu,1,
dom0x,1,
rocketman,1,
craigory.bauts,1,
kkå¾·ç±³å®‰,1,
rolcese,4,
LilRed,1,
gourang,4,
Bennie,1,
Yann,4,
saxy,1,
IeSua,1,
SunnyFla,5,
Oscarbura,1,
ChrisC,1,
SweatyNips,1,
0xBaba23,1,
Justin Ng,2,
Kaiser,2,
csaesta,1,
michaelc.eth,2,
zico,2,
Cardanerd,3,
Judah&Madisynne,2,
Altea,2,
countryboyyy,1,
ChristianADH,1,
no one,1,
Rohit | Mesh Finance,1,
DanStone | Ethermore,2,
codemax,1,
adrix09,1,
Camilllllllle,1,
goldhaxx,3,
maskofmydisguise,3,
BigFocus,1,
smain621,1,
Matt M,2,
arpy,2,
zaratan,1,
Jamesiori,5,
mgj,2,
conradho147,1,
cardanochile,1,
raikao,5,
WalkingVCD,1,
Wiki,1,
zeck,1,
Bernardo,2,
saceni,1,
KiRoNiXx,1,
silentman,6,
vertinio,1,
DavidBelsize,1,
banana95ok,1,
Eric J,3,
cisco4,1,
JOANDF,1,
java,2,
Ike Dongler,1,
Bokulisk,1,
LunatiConTrip,5,
Jayson,1,
Akeno Himejima,1,
Ignition,1,
tokadin,1,
DeOlijus,3,
baboon565656,1,
BlessedTwister,1,
Hilton Top Solicitors,1,
Glrblflerbnurblrs,4,
Riva,4,
6659,1,
noproblem,2,
virtualelena,1,
flexkia,2,
nahuel ğŸ‡¦ğŸ‡·,1,
agurito,1,
Soulgear,1,
poddyz,2,
LokisPokis,5,
goubugou,4,
bAk,2,
brnunes,3,
Limbs,1,
Neel,2,
SatoshiJpeg,1,
Pansy,6,
Almond-Stew,1,
cryptoegg,2,
IghomariaProsper,1,
jakefitz,2,
skyrei001,1,
exrhizo.coordinape,1,
Skunkz,2,
Ty Autonomous,6,
hz,2,
kala,1,
iman,4,
techding,1,
chrisv,1,
MatÎo77,1,
isaaccc,1,
IvÃ¡n,1,
ivarmai,1,
heavilyinvolved,2,
IvyBai,1,
eden,2,
glenjones47,1,
Byron,1,
lesinge,5,
benohanlon,1,
Gato Negro,1,
anthonyriley,1,
Too Perfect,2,
347,1,
Maurer,3,
Sherif | NEAR,6,
bajin$,2,
Chantal,4,
Mugen,2,
empirebuilder21,1,
Anthler,1,
seems,1,
Cunyuan,1,
nanda,1,
gaucho,1,
axel.quack,1,
goats_on_drugs | UTC -4,5,
zukoğŸ”¥,1,
anthonyleezhang,2,
Darren |,2,
Alebaba,1,
Tadken,4,
alain5487,5,
todd,1,
EmmaXuannnn,5,
kaus,1,
sarsi,1,
noelechame,4,
andy004,1,
0xGabriele,1,
leisure.larry,1,
Jolvas,1,
farhaan_ali,1,
jmc90,1,
DON SUEDE,1,
ğŸ‘ obewaun ğŸ‘,1,
Shobiwan_Kenobi,1,
Serenity,1,
rostyslav,1,
DeepLearningMachine,1,
AlexBLM,4,
shing916,2,
roby,1,
é˜¿å”,1,
*Sora,1,
Ivan L,1,
crypto4ell,1,
Ruivera,1,
sandersaar,2,
Esther,2,
FlyingFish,1,
Luxord,1,
AaronS,1,
takeprofits,1,
simonbc,1,
Alfonso FernÃ¡ndez PÃ©rez,1,
Jonddon,2,
AnaÃ¯a,1,
sashaku,1,
mene,1,
FloppyAbe,1,
Mars | token.im,2,
GP3R,2,
uAprilexSedLex,2,
SlowFk,1,
Syaeko,3,
bdon,2,
AlexScott.eth,1,
wangte168,2,
darren,1,
Lioness,1,
pkf,1,
oliversouth,1,
Artin,1,
AtisTirma77,1,
blaam,1,
ShedBread,1,
alliestrasza,5,
GuiLima,5,
mateodaza,1,
Adam Wintle,1,
å¼ºå“¥,1,
natesuits,4,
Carpasuarus,1,
Cculture,1,
schmoneymo,4,
shintonylv,1,
HodlTurkey,1,
Kia | Balancer,3,
marcus,2,
The Dolomite,1,
Valitchka,1,
Block Head,2,
chonglang,2,
Sam Wong,2,
Thomas Yu,1,
starit,1,
KG7,5,
californiaenglish,1,
kerimirez,1,
Otagel,1,
Danialrami,1,
aspirationaloot,1,
pumagin,6,
zhangfatian,2,
Kanada.eth,2,
Maximilian,1,
Psilos9,2,
darcosine,6,
yourfm.cn,3,
Mitch777,1,
ConcertoMethod,1,
Matute07g,1,
treethought,2,
HyperCrowd,2,
JEMICK,1,
hippopotamuses,6,
rldddy,1,
vns,1,
SIN3SIN,2,
sillen,2,
laurangel27,1,
Parker,2,
KillDevice,1,
ladyann,2,
Dakeyras,6,
lazy_collector,1,
Memphisrocks,2,
brennenschlueter,1,
mjuz,3,
Molassessss,1,
Karel,1,
Bensu,1,
YellowPlusColor,1,
kokko,1,
Sergi,1,
jessie ğŸ£,2,
Mehdi,2,
Haotoshi,1,
Paradoxy,1,
Agupla,1,
twinpiks,3,
Yassine Hamdan,2,
Syd,1,
vovan,2,
Ramces,2,
omoju,1,
Estebaner,1,
mkkiob,1,
akidad,5,
kdow,1,
ã‚¿ã‚±ãƒŸãƒ,1,
DSR,1,
reconstruct,1,
stew,1,
maqzify,4,
Sebastian Alarcon,1,
calvin,1,
ouatitw,1,
TampicoSlim,1,
daniel.na22,1,
"Moonfaker ( ğŸ± , ğŸ± )",2,
ivory elephant,2,
Pratik,1,
swyatt,1,
LordZelkova | BullishbearFinance,2,
s_ben,2,
vikrant,3,
imwithoutlimits,2,
bness,1,
oynickj,2,
Iamvictor24,2,
tickowumbu,2,
garry host,1,
GAOA,1,
brs,2,
minh.eth,1,
check,1,
systemic,1,
Vons,1,
siebold_magnolia,2,
Edward | Virtual Beings,1,
cody,1,
Mr. Phantom,1,
rayovac,2,
0xNccB,1,
zoraxx,3,
Dyl,1,
Nuggan,5,
kaneen74,1,
SkyzoR,1,
SolanaFarmer | 267 Privet Drive,1,
Snorlax,1,
"bhunamutton(3,3)",2,
benibene,1,
lpp,2,
nmduarte,2,
0xfd,1,
Hamitbey,1,
xiexie,1,
WallStreet Fighter Pilot,1,
rips,2,
bob371,2,
Lupord,1,
Becks,1,
PersonPixelated,4,
Luis,2,
Alp,2,
vasunigam,5,
"hodler_bull (3,3)",1,
sometimes naive John,1,
john13ph,1,
heintess,6,
gggr,1,
hekmat,1,
khurramnaik,2,
drace,1,
The Duke,1,
CryD,3,
Juiiice,2,
sunxiaoxiao,1,
nav3en,1,
Space Blk,1,
SDC,2,
Pages,1,
senor_francisco,5,
fugu,1,
Ferdinand_Hodler,1,
temster,2,
AcÎWondÎr,2,
vanradius,1,
williamdox,1,
verm,6,
å¿«ä¹å°é’è›™,2,
bmtsbt,1,
CoolBlu,1,
Geeko,1,
lockedech,1,
cryptocereal,1,
acidpunch,1,
shiva,1,
taskiner,2,
heartbeats.eth,2,
Malaka,1,
konrad k,3,
Alejo24,2,
Johnny1122,1,
GeorgeJ,2,
iFirebrand,1,
é˜¿å…‰,2,
CC1,6,
jasiel,1,
chainape,2,
silent,2,
fer79,1,
minda,1,
arveece,2,
jhon_cruzate,1,
wharlow,1,
Shashi l NEAR,2,
erito96,1,
mmaxhimer,2,
khubo,1,
malarki,1,
carvas,3,
Zentra17,1,
godzillaba,3,
joshdance,1,
Agui,1,
Absolute,1,
jdegoes,4,
Josh BL,1,
donowoodworker,1,
bear.with.a.beer,1,
(=ï½€ã‚§Â´=),1,
Princeps,1,
LosMontana9â­•ğŸ•(MoonBoyzGang),2,
sparkplugslug,1,
marshon5,1,
anti,1,
serrano_hux,2,
Triadji,4,
nodnoslen,2,
xaviercharles,2,
dmanven,1,
wg,1,
yiwen,1,
cruelwolf,5,
Vagar,2,
andrenator8,5,
jstrubel,1,
Arrky,2,
esr23,2,
Au24KAY,2,
Lucas Jolias,1,
acnyc777,4,
Sergiochen,1,
mr mittens,2,
Cerdovolador,1,
QuiQue,1,
lyo,1,
alyxxx,1,
dekkrs2,3,
BBD,1,
Jujan,1,
xiaobao,1,
agaase,1,
gojo,1,
rceeze,1,
DevD,1,
Isandico,1,
Isolet,1,
Groucho,1,
Mel,3,
DarthRuskyn,1,
Ejaaz,2,
maza ğŸ„,1,
jer,1,
Chillbro,1,
SilenT,2,
JimmyTed,2,
æŠ˜ç‹¬è§’æˆ,1,
daqing,1,
Byzantium_Archon,4,
BiggieStardust,1,
AlokMo (Liquality),1,
jb_99,1,
Aki,1,
ngold,1,
nikelong,1,
Kratik,1,
humane_male,1,
manishbg,1,
0xCart,2,
micky,1,
Jhonny,1,
achinea,6,
Ethanxu,1,
Luigui,1,
litterpigger,1,
Prophet | RPS,3,
Enchanted Prunes,3,
oreochimaru,1,
rooster,6,
Alanhoo,1,
DanHuff,2,
LAMA-DON,1,
jua,2,
SoulDoubt,1,
Jam,6,
kovacs__mate,2,
ajsharp,1,
Chairman Loud,2,
LYYL,2,
anon1600,5,
Eric M,4,
Fred.,4,
mark123,1,
0xDemeter,1,
freshflapjack,1,
DigitalNomadKaz,2,
IanX,1,
Taniyn ğŸ²,3,
MuchHustle,2,
reed,1,
ybyylx,2,
Kash,1,
shitbtc.eth,2,
Jenga,2,
Gorby,1,
bricks,2,
PatGG,2,
Elian,2,
Solidus,2,
Lyssandros ğŸ’§,4,
WokeAssociate,1,
chiya,1,
Attila,5,
morrison148,1,
thebraunzage,1,
jordanalexandermeyer,1,
aloytynoja,1,
willthesis,1,
mikk-o,1,
Amp,2,
Bilibili,1,
Krypto_Lion,3,
Jota ArÃ©valo,1,
0xAlek,1,
jameslee,3,
GONZO,1,
MaverickMonk,1,
aysh,1,
hoppik.eth,1,
kocha,1,
ä¸ä¸,2,
vegas beyker,1,
leckx,1,
felixzhou,1,
asrvas,1,
0xJojo,1,
excellerate,1,
Credits Unknown,5,
Jerry,2,
popp,2,
TolgaKmbl,2,
ConcursoFus,2,
VaTraderELo,1,
zeefi,5,
ksy,1,
Lorettaao,4,
ssw,1,
djptr,1,
konichiwasayonara,2,
Luca Curran,1,
Gussshhh,1,
joshua.n,1,
0xYoann,1,
