Timestamp,What is your age group?,What country do you reside in?,"When did you first acquire a crypto currency (bitcoin, ethereum, etc.)?",What wallet(s) are you using now? Check as many as applicable. Check none if you don't have one.,"If you have used a wallet, what was your first wallet and why did you choose that one?",What has been painful about using wallets or what has been or is an obstacle in your way to using a wallet?,"When did you first use a DeFi app (AAVE, Uniswap, etc.)?","If you have used a DeFi app, what was your first app and why did you choose that one?",What has been painful about using DeFi apps or what has or is an obstacle in your way to using a DeFi app?,Tell us about one positive or unexpected outcome you had from using a DeFi app?,What DeFi app are you most interested in using?,What is your DeFi endgame?
2021/06/11 7:04:48 AM GMT+7,25-34 years,United States of America,3-5 years ago,Metamask;Coinbase;trezor,Trezor - needed cold storage.,keeping up with all the security parameters,Within the last year,uniswap - seems to have a stellar reputation.,Learning how to navigate web3 websites.,Discovered new financial products and revenue streams.,Alchemix,Passive income through DeFi
2021/06/11 11:55:36 AM GMT+7,55-70 years,India,Within the last year,Trustwallet,"Trustwallet, was not knowing much,","still not coming to terms, which wallet to use and which not",I have never used DeFi,NA,NA,NA,NA,NA
2021/06/11 7:11:53 PM GMT+7,35-44 years,United States of America,3-5 years ago,Metamask;Argent;Coinbase,"Coinbase, ease of transactions",NA,Within the last year,NA,NA,NA,AAVE,Move my traditional investments over
2021/06/11 8:26:19 PM GMT+7,35-44 years,Singapore,1-2 years ago,Metamask;trezor,"trezor, it just works and its secure","setting up is painful, and dealing with the seedwords",Within the last year,"Uniswap, i had to trade between assets",Gas fees are fluctuating each second,lost money from weird protocols,Options,Become a DeFi native and have more DeFi assets than Tradfi
2021/06/11 10:42:08 PM GMT+7,25-34 years,United States of America,5 or more years ago,Metamask;Trustwallet;Ledger;Argent;Coinbase;Decentralized my holdings too,Coinbase bc it was a whileee ago,"Feees, centralization etc",3-5 years ago,NA,NA,NA,NA,NA
2021/06/11 10:42:16 PM GMT+7,45-54 years,United States of America,1-2 years ago,Metamask;Ledger,Free Wallet,Too many options. Need recommendations from people with more experience,Within the last year,Gemini investing but not really DeFi,"Terrible UIUX and I don't understand it all. 
",NA,NA,Increase in Value as investment
2021/06/11 10:43:07 PM GMT+7,25-34 years,Singapore,3-5 years ago,Metamask;Trustwallet;Ledger;Argent,Metamask. It's easy to get started,Uncertainty of transaction statuses which has improved greatly in recent months,Within the last year,Uniswap. Was playing around with swaps.,Gas fees,Pancakeswap was actually more fun than I'd expect doing DeFi,"Pancakebunny, Pancake, Uniswap",Hopefully it never ends!
2021/06/11 10:43:57 PM GMT+7,35-44 years,United States of America,3-5 years ago,Metamask,myetherwallet,myetherwallet kinda sucked,Within the last year,AAVE. heard good things,gas fees on eth main net. resolved by doing most things on polygon,learned about the power of stablecoins,barnbridge looks cool. waiting for it to get to polygon,passive income > living expenses
2021/06/11 10:44:14 PM GMT+7,45-54 years,United States of America,1-2 years ago,Metamask;Trustwallet;Ledger;Argent,"Ledger. Felt that a cold-storage, hardware wallet was most secure.",none,1-2 years ago,Zapper because it was so easy.,Gas fees,Airdrops from interacting with defi protocols was unexpected bonus.,Anything from Bankless DAO.,"passive income, learning, building, going bankless"
2021/06/11 10:44:34 PM GMT+7,18-24 years,United Kingdom,Within the last year,Metamask;Ledger,Ledger as it was a hardware wallet,Not being able to read/fully understand what comes up on the Ledger screen,Within the last year,PoolTogether - Easy to understand and had high yield at the time,Lack of user friendly interfaces or documentation that is not detailed enough,Becoming involved in the community while looking into the protocol,Alchemix,To retire as early as possible and have complete control over my own assets and future
2021/06/11 10:45:21 PM GMT+7,35-44 years,Italy,Within the last year,Metamask;Trustwallet,METAMASK - Bankless podcast,bridging chains,Within the last year,UNISWAP to buy a particular token,gas costs,gas costs,"Lending (Aave, Compound, Cream)",Some protocols face a too large regulatory risk. Especially platforms for derivatives
2021/06/11 10:46:04 PM GMT+7,25-34 years,United States of America,Within the last year,Metamask;Ledger;Argent activated but not using until their L2 rollout,Metamask and then a Ledger 3 weeks later. I chose these based on recommendations from my friend who got me started.,Trying to do DeFi on the go with a Ledger is difficult since Metamask for iOS does not support the Ledger. I have to bring a laptop with me or wait until I get home.,Within the last year,Uniswap. I was trying to trade for ERC20s I saw potential in but were not listed on central exchanges,"Ignoring the obvious gas fees answer, I'm bad at math, and doing the more advanced things like providing liquidity concern me. I want to strike a more conservative risk/reward balance.",I did not expect to dump half my liquid cash in to cryptocurrency because for years I've been extremely risk averse. I did not expect to trust the long term of crypto so quickly,Alchemix,Buy a house with no mortgage
2021/06/11 10:47:15 PM GMT+7,25-34 years,United States of America,Within the last year,Metamask,"My first was Coinbase Wallet because Coinbase was my first exchange. I no longer use it, in favor of MetaMask.","Not having an ENS was a pain (perhaps that should be a native feature of wallets, like in Argent). In MetaMask, it‚Äôs frustrating to have to add coins, like BANK. I would appreciate more synchronicity between desktop and mobile. The advanced features are obtuse, but I don‚Äôt often have to use them.",Within the last year,SushiSwap- it was cheap and early on Polygon. L1 falls we‚Äôre always too expensive to use.,Gas fees. Also not understand liquidation or IL.,I didn‚Äôt know I had BAL until I used Zapper lol,"Alchemix, specifically alETH. And Curve once it makes more sense for me to hold DAI instead of USD.",Have my money make money.
2021/06/11 10:47:31 PM GMT+7,25-34 years,United States of America,Within the last year,Metamask;Ledger;Coinbase,"Coinbase, easy to use and trusted exchange",just the initial learning process,I have never used DeFi,NA,NA,NA,"any, all, still learning the differences",a better understanding
2021/06/11 10:48:44 PM GMT+7,25-34 years,United States of America,3-5 years ago,Metamask;Coinbase,Metamask. Was the easiest to use in 2017.,Adding and swapping networks. Adding tokens.,Within the last year,Uniswap. Heard about AMMs for the first time and wanted to try it out. Beats order book exchanges by a mile.,"Not having an easy way to play with defi apps. Best thing I can do is go to an L2 network and play around, but there are disadvantages to that method.

Basically just having a sandbox to touch and feel the protocol.",Uniswap airdrop,Alchemix,Layer my capital efficiency with managed strategies (eg. Yearn)
2021/06/11 10:49:13 PM GMT+7,45-54 years,United States of America,5 or more years ago,Metamask;Ledger;Coinbase,Coinbase - fiat onboarding,Variable gas; needing to switch mobile browsers;,1-2 years ago,Don‚Äôt remember,Rug pulls; unclear token mechanics,Airdrops!!,Zerion; Sushi Poly farms; liquidity,Retire
2021/06/11 10:50:54 PM GMT+7,45-54 years,United States of America,3-5 years ago,"Metamask;Exodus, Lattice1",MyEtherWallet: Easy full-featured desktop/web wallet,"Other than MetaMask, most wallets are lacking in integrations",1-2 years ago,Compound: Very straightforward and simple to understand,"Understanding why pairs are necessary for AMMs, then things like Impermanent Loss",Airdrops!!,Uniswap v3,"Diversified liquidity providing and yield farming that I can monitor on a semi-passive and semi-active basis, while continuing to evaluate products like Yearn so that I can defer to actively managed vaults where appropriate"
2021/06/11 10:55:58 PM GMT+7,45-54 years,United States of America,Within the last year,Metamask;Coinbase,"Metamask.  tbh, when Mark Cuban said he uses Metamask, that when I installed it.  This was when I first was getting started.  I use multiple wallets, including other blockchains (ie Cosmostation, Keplr)","not really knowing the full cost of a transaction until you're knee-deep; nervousness when restoring wallet/seed, etc., security of a browser-based wallet.",Within the last year,Uniswap,"not really understanding the impact of IL, the cost of executing a smart contract, keeping track of P&L",I learned about IL really fast.  Million-dollar lesson for less than 200 bucks ;-),Alchemix,"Hedge my fiat currency risks and be able to be anywhere in the world and have safe, secure, frictionless access to my assets."
2021/06/11 10:56:14 PM GMT+7,45-54 years,United States of America,1-2 years ago,Metamask;Trustwallet;Coinbase,MetaMask. Most recommended,Most make assumptions that you are a power user. I think a wallet should have beginner/expert modes.,1-2 years ago,Beefy,Most assume that you already know what you're doing. Less clear for noobs.,"Money, Money, Money!",Hmmmm....The one that haven't found yet? Free money printer?,"Money, Money, Money! And to get rid of my bank account!"
2021/06/11 11:00:24 PM GMT+7,35-44 years,Portugal,Within the last year,Metamask;Argent,"Argent, recommended by Bankless",Argent's high gas fees. Hence switching to Metamask,Within the last year,Sushiswap,Lack of documentation,Airdrops!,"L2 apps like Immutable X, Loopring, zkSync",Wealth accumulation / being part of the community / NFT'S
2021/06/11 11:07:46 PM GMT+7,35-44 years,France,1-2 years ago,Metamask;Ledger;Argent;Coinbase,"Metamask, easy to setup and compatible with a lot of apps",remember passwords and saving recovery phrase,1-2 years ago,Uniswap to buy new tokens,waiting for confirmation or having to do different steps,airdrop,sushiswap with all the new features,lending for new investments without loosing the collateral and invest with regular returns
2021/06/11 11:07:48 PM GMT+7,25-34 years,France,5 or more years ago,Metamask;Ledger;Argent,https://www.myetherwallet.com/,Managing the backup and security of seed phrases correctly is a tricky business.,3-5 years ago,"Uniswap, because the concept of DEX was something I had been waiting for from the crypto community forever. I may have used older DEX, but I don't remember.","Managing gas is really something I wish I didn't have to manage as an Ethereum user, but I hear its use is going to be much nicer with EIP-1559 üôÇ.",Bitcoin that spills over into Ethereum.,"Rocket Pool, the decentralized staking service that I see as the/a future pillar of the DeFi.",The ETH token from Rocket Pool!
2021/06/11 11:07:50 PM GMT+7,45-54 years,United States of America,3-5 years ago,Metamask;Argent;Coinbase,Metamask - it was the most recommended and seemed to be the most comprehensive (less siloed),"Learning curve that leads to 1) accidentally approving tx multiple times, 2) having to fix failed tx due to not understanding slippage, 3) realizing after the fact that swap rates are VERy different across the board 4) creating too many wallets at first and having to spread enough ETH around to all of them to free up small denominations of airdrops, etc",Within the last year,mStable - I was still trying to understand IL and liked the stablecoin focus of mStable,"aside from gas fees, keeping track of promised yield vs actual yield, especially when yield pays out in multiple non-ETH token is difficult. leaves you wondering if the work it takes to vet opportunities and stay on top of yield is paying off",I've never studied finance as much as I have in the last year - which has added to mu awareness of future planning/saving,Zapper.fi,Become proficient so I can assist friends family to safely earn yield and even invest with success
2021/06/11 11:08:08 PM GMT+7,55-70 years,United States of America,1-2 years ago,Metamask,MetaMask because I heard about it on Bankless.,"he hidden transaction costs, particularly when the transactions take a while and you hit submit a few times and are charged for each time you hit submit. I kept hitting submit because I wasn't sure if my submission registered. Oh well. Lesson learned.",Within the last year,Zerion,"If you don't have an investing background a lot of the jargon creates hesitancy, uncertainty, and just plain, old, ""what the hell am I doing?"" and crossing fingers.",N/A,Uniswap or AAVE,Savings
2021/06/11 11:09:31 PM GMT+7,35-44 years,United States of America,5 or more years ago,"Metamask;Coinbase;Trezor, portis",Portis/metamask - in order to acquire Gods Unchained cards,"Connected to a malicious site, and had some funds stolen. Losing my private keys. Lol - made lots of mistakes, early on",1-2 years ago,PoolTogether - Heard about it on POV Crypto,"Fees, forgetting my keys","Airdrop (but lost keys, so couldn't collect)",Alchemix,Passive income. Ownership in virtual games
2021/06/11 11:17:13 PM GMT+7,55-70 years,United States of America,5 or more years ago,Metamask;Argent;Coinbase,Metamask,syncing mobile to desktop,Within the last year,Argent,too expensive,too expensive,I don't have a specific one,"To earn interest and tokens that gain value, and to simplify for tax reporting"
2021/06/11 11:24:03 PM GMT+7,35-44 years,United States of America,3-5 years ago,Metamask;Argent;Coinbase,"metamask, seemed like a popular choice.",gas fees.,Within the last year,uniswap,"confirming correct addresses etc, making sure i wasnt making mistakes.",getting involved early in projects,no real preference,more control over how and what my money is used for
2021/06/11 11:27:28 PM GMT+7,35-44 years,Thailand,3-5 years ago,Metamask;Ledger,Metamask - most Ethereum friendly,"Making sure I don't get phished. I try to log out, disconnect from the browser, but that can get tedious. Sometimes Metamask doesn't show up on sites for whatever reason and I have to refresh.",1-2 years ago,Compound - to lend ETH,"I've currently staked some ETH with Lido - and I want to further use stETH to generate yields, but not quite sure how to do that. I'm reading through their blog post on Curve - it's not straight forward.",Lido was surprisingly very easy to use. It made staking easier than I expected.,I need to get on Uniswap V3,"Regular, steady passive income (on the user side). I want to understand DeFI smart contracts and how to explore them (on the data side)."
2021/06/11 11:30:41 PM GMT+7,35-44 years,Australia,Within the last year,Metamask;Trustwallet;Rainbow Wallet,"Trust Wallet, it was recommended as part of the onboarding for a coin I wanted",inconsistent feature sets relating to side chain compatibility,Within the last year,"Quickswap Liquidity Pools on Polygon, the fees were low and I wanted to try them out.","High fees, uncertainty around security",I haven't lost my money yet,dYdX,"Full suite of banking services without a bank, under my custody, in a competitive marketplace"
2021/06/11 11:38:18 PM GMT+7,25-34 years,United States of America,Within the last year,Metamask;Ledger;Coinbase,NA,NA,Within the last year,Metamask,NA,Positive,NA,NA
2021/06/11 11:40:31 PM GMT+7,25-34 years,France,1-2 years ago,"Metamask;Ledger;Argent;Loopring, Monolith","The first one I used was Argent. It was recommended (or was it a sponsor?) on Bankless. I absolutely needed a wallet because I wanted to buy Realtokens (tokenized real estate). It felt very easy to use, secure, and transactions were paid for at the time. Looked like another banking app so it was very reassuring, plus no need to use seed phrase.","The main pain point that I got using wallets was not being really able to manage gas prices myself, or having delays between sending my transaction and seeing it really submitted (Ledger in particular). Also really regretted having Argent a couple of times when Wallet Connect was not working as intended with specific Dapps, and when gas prices exploded everything was just too expensive as compared to Metamask.",1-2 years ago,"The first one I used was Compound. It made a lot of sense to put my extra dollars on Compound, it was a one click transaction and it was free (on Argent). Felt like an interest account, something very similar to what I was used to in traditional finance, which was very reassuring. I didn't have to go on the Dapp interface, so it was just super easy.","Wallet compatibility is always an obstacle. Not being able to use Alchemix with my usual wallets was painful. But that's not only concerning Defi, for example claiming the BANK turned out to be impossible with Argent, same with obtaining the Discord access. Other than that, my lack of technical expertise (like reading code) always makes me anxious about using a protocol, not enough to push me to start learning about it, but enough to make me wait and miss opportunities.","The Uniswap airdrop was really a big surprise, and at the same time it made me realize this space really had a different perspective on ownership, and real values. DeFi has shown me the power and ethos of Ethereum.","Alchemix is really the app that's making me tick these days, the alETH, the v2, how it gives the power to spend 50% of a certain amount of money without sacrificing too much, gives my risk adverse side more willingness to go a little crazy.","I want to have an impact by contributing/voting in governance/promoting Defi, so it keeps changing the possibilities. Also hope to get cashflows to give me the means to take on purposeful projects outside of the blockchain."
2021/06/11 11:42:44 PM GMT+7,35-44 years,United States of America,Within the last year,Metamask;Coinbase,MetaMask to buy DPI,I‚Äôd like to know when/if my wallet is disconnected from a site. I don‚Äôt like the idea my wallet staying connected to all these different apps.,Within the last year,Uniswap for an LP token,Gas fees,Honestly I enjoyed learning how the most,Alchemix,Go bankless! Make my money work for me.
2021/06/12 12:10:05 AM GMT+7,25-34 years,Canada,3-5 years ago,Metamask,"MetaMask, used it because it was the first one I heard about.",Switching to Matic network and trying to use funds,Within the last year,Uniswap,Bad UI makes it difficult to LP and perform other Defi tasks. Usually have to do research before I can figure out the processes,Earning high yeilds,Alchemix,To build up a big enough portfolio and keep my capital working and earning passive yeilds so I can achieve financial independence
2021/06/12 12:28:59 AM GMT+7,25-34 years,Ghana,1-2 years ago,Metamask;Trustwallet;Argent;Coinbase,"Greenwallet, one of the best wallet for bitcoin storage in my opinion",lack of proper fiat onramp integrations.,1-2 years ago,"Uniswap, for buying ERC20 tokens",User Experience - UI,"The uniswap airdrop, completely changed my perception about Defi. for the first time, I felt like I was really part of the protocol.","Yearn, Uniswap, 1inch etc",For accessing better financial and banking services and products.
2021/06/12 12:43:25 AM GMT+7,45-54 years,United Kingdom,5 or more years ago,"Metamask;Ledger;Argent;Coinbase;Xodus, Mist ???, Dhrma, Revolut",I think there was only 1 bitcoin wallet in 2013.,Ledger <> metamask,3-5 years ago,Maker to mint SAI.,Gas prices,Air drops,DeFi on L2,Passive income from assets.
2021/06/12 12:58:14 AM GMT+7,35-44 years,United States of America,3-5 years ago,Metamask;Ledger;Argent,"Ledger, for self custody and private key management","UX is bad, hard to understand the mechanics and process to make crypto transactions for the first time, dealing with money in a new and potentially risky way can produce stress and anxiety",1-2 years ago,"Uniswap, reliable and easy to understand","Understanding what it does, why I need it, or how I could benefit by using it",Airdropped gov tokens for investing in and holding AMPL,Alchemix,"Staking and participating in governance for high conviction projects, earn enough yield for a decent passive income"
2021/06/12 1:22:08 AM GMT+7,35-44 years,United States of America,3-5 years ago,Metamask;Argent;Coinbase,Coinbase: Friend walked me through buying BTC,"Nearly everything. From obscure language about features, opaqueness around cause and effect relationships with interactions, general lack of communicativeness , obscurity around networks (and soon L2s to complicate even more), obscurity around wallet/view compatibility of and between token standards (erc20 vs 721, etc.). There are to name a few. Wallets are a right proper nightmare in their current state.",1-2 years ago,Uniswap. Friend got me to try it out.,"Mystery around security (""Am i doing it right?"")","As a product builder, the most illuminating thing is how evident it is that we're in the very early innings still. Often times I feel late to the game, but looking at the state of product today, it's clear there's still a lot of growth ahead.",Too difficult to say. New exciting things coming out all the time.,Build something the community/market needs.
2021/06/12 2:33:32 AM GMT+7,25-34 years,Ireland,3-5 years ago,Metamask,Metamask. First one that I came across.,GAS!!!,1-2 years ago,Aave,Depositing funds into Defi apps,Ease of use,Sushi,"Monetary gain
"
2021/06/12 4:42:12 AM GMT+7,35-44 years,Canada,1-2 years ago,Ledger;Coinbase,Coinbase Wallet,UI hasn‚Äôt been super intuitive,NA,Compound,High fees to transfer funds along the network,Learning tons about finance I never knew about,The eventual asset management apps to create portfolios of synthetic stock,HODL!
2021/06/12 4:48:39 AM GMT+7,35-44 years,Ireland,3-5 years ago,Metamask,Metamask because it's the wallet you can use everything with and it still is.,The Json file upload doesn't work for me on metamask so I had to abandon other wallets. Custodial wallets are painful.,Within the last year,Uniswap was the first one.,"The fees is the obvious answer. But it's also the learning curve. It will always be like that though. It's the same in traditional finance like with derivates etc. If something is complicated then it's just complicated, but it gets easier the more you use it.",Airdrops.,Convex.,"To just continue to earn yield and a share of the fees. That DeFi does and can continue forever. 

The DeFi endgame in general is that everyone receives interest on their savings like they did in the past."
2021/06/12 4:50:50 AM GMT+7,25-34 years,United States of America,3-5 years ago,Metamask;Ledger;Trust,Coinbase because it was easy. Quickly moved to Metamask and added Ledger redundancy soon thereafter.,"Honestly nothing. Some of the cross-chain functionality has been cumbersome, but I don't see that as a wallet problem. Just a UX opportunity for a wallet provider who makes cross chain super seamless.",1-2 years ago,Yearn. It was one of the first that I was introduce to and the yields were attractive.,Keeping track of all the different dapps without a great centralized tool to monitor them all.,Airdrops :),Melon -- I'd love to spin up a DeFi fund that others can participate in,Passive yield on a large nest egg so I no longer need outside income from traditional employment. Bonus points -- complete Banklessness :)
2021/06/12 4:53:07 AM GMT+7,18-24 years,United States of America,3-5 years ago,Metamask;Ledger,Coinbase was my first noncustodial wallet. ease of use. Metamask later became my first custodial wallet for the same reasons.,The potential to lose your backup recovery key,Within the last year,Uniswap,"Great UX for crypto-natives, not so much to the rest of us (I consider myself a crypto native now, though)",Returns! (and high gas fees in March/April 2021,"Can't pick, have way too many favorites","Money spread all over the place, managing my portfolio with a tool like Zapper to keep track of liquidity providing, actively managing my own assets"
2021/06/12 4:57:58 AM GMT+7,35-44 years,United States of America,3-5 years ago,Metamask;Trustwallet;Argent;Coinbase,"Coinbase, it's the first wallet most use due to onboarding. Trustwallet was my second. It was super easy.","The ledger has been a horrible experience. I stopped using my Ledger NanoX because it could only hold at first btc and eth, and then when it could hold more you would have to add and delete wallets. I just stopped using it.",Within the last year,"Uniswap--I had to make a trade and living in the US, specifically, NY where restrictions are much higher and we cannot use any exchanges besides Coinbase and Gemini which have limited token options, Uniswap was the way for me to acquire tokens that I believe had value but were undervalued before the masses could once the tokens were added to Coinbase/Gemini. It was my alpha. I was able to become self-sufficient and not ask friends to buy things for me.","Most defi apps are painful because they're not ""easy"" to use. Many steps are usually involved and it's complicated. It's especially complicated when you barely understand how it works and so that can make the entire process overwhelming.",Becoming self-sufficient in acquiring MOST (not all) tokens has been great.,I use zapper and zerion and uniswap. I keep it basic.,To make more money/yield. And to help others eventually learn to use defi as well.
2021/06/12 5:02:02 AM GMT+7,45-54 years,United States of America,3-5 years ago,Metamask;Ledger;Coinbase,electrum (was there any other at the time),mobile access,Within the last year,"pooltogether, it was very safe to use",Gas!,airdrops,sovryn,"hedge against inflation, accumulate ETH and BTC, passive income flywheel"
2021/06/12 5:03:57 AM GMT+7,18-24 years,France,1-2 years ago,"Metamask;Terrastation, phantom",Metamask because widely recommended and developed  by Consensys,"Switching between network(layer 2, sidechain), understand what the transaction you accept is about, adding token to metamask",Within the last year,"ENS, not many funds, only things not expensive I thought was useful","to Connect my wallet I have to reload, transaction appear after some time,  lots of prices or apy does not load",Airdrop,Aave,Zapper
2021/06/12 5:08:47 AM GMT+7,45-54 years,United States of America,3-5 years ago,Metamask;Trustwallet;Coinbase,Coinbase. Trust. Ease.,Extensions,1-2 years ago,Yearn,"Complexity, uncertainty","Instant, no documentation",Aave,Better than traditional options
2021/06/12 5:09:54 AM GMT+7,25-34 years,United States of America,5 or more years ago,Metamask;Ledger,Electrum,Too many steps,1-2 years ago,Maker - Wanted to get an interest free loan to long ETH - Only app available at time.,Knowing what to trust and what not to trust,Receiving the uni airdrop was cool,Id like to try ALCX.,Live off passive income from defi
2021/06/12 5:13:03 AM GMT+7,25-34 years,United States of America,1-2 years ago,Metamask;Ledger;Coinbase,Metamask- most easily integrated with defi apps,Nothing- most frustrations are due to the ethereum network during high gas prices and long wait times.,Within the last year,Compound- to lend tokens,High gas costs,NA,Rocketpool,To have passive income
2021/06/12 5:13:51 AM GMT+7,35-44 years,United States of America,Within the last year,Metamask;Trustwallet;Ledger,Ledger because you guys recommended it,"I have no clue what to do now... Bought crypto, had it in binance for a while, saw the ""not your keys, not your crypto"" and got the ledger, but now I'm just holding",I have never used DeFi,I still don't understand this part... Just recently downloaded metamask,"I don't know what I'm looking for, what to trust, what to stay away from, etc","I think this is a big part of onboarding new people into crypto, a dumbed down guide to get started",Sushiswap?,"Bankless means I need to learn to be my own bank, so I guess grow and manage my wealth"
2021/06/12 5:16:55 AM GMT+7,25-34 years,United States of America,5 or more years ago,Metamask;Ledger,Ledger,Confirming I have the correct send address with small transactions before sending large ones. It‚Äôs annoying to always take two steps.,Within the last year,1inch ‚Äî basic trades come first!,Confirming if I‚Äôm in the real site or a phish. Would be nice if defi could be bookmarked/signed as authentic to the bookmark,The idea that ‚Äúsigning up‚Äù is as simple as plugging in your wallet is revolutionary,1inch. Love best execution. Would like to explore alpha Homora and any leverage strategies that don‚Äôt require constant monitoring,Feel comfortable running my financial life primarily out of decentralized protocols that of course leave more consumer surplus for me!
2021/06/12 5:17:41 AM GMT+7,45-54 years,United States of America,3-5 years ago,Metamask;Coinbase,Coinbase for ease of use,Price of gas,Within the last year,Zapper,I like them,Im still neutral,Zapper,Make money
2021/06/12 5:17:44 AM GMT+7,25-34 years,United States of America,3-5 years ago,Metamask;Trustwallet;Ledger;Argent;Coinbase,"Metamask, for smart contract development","When first starting out it was just confusing, mostly due to gas. Now ""obstacle"" is timing the market for cheap gas.",1-2 years ago,"Compound, for yield!",Confusing! I may have lost some funds because I did some transactions out of order.,Logging in. Coolest thing ever to be able to sign in to any DeFi app without a username and password. Definitely the future.,Alchemix,Self-sustaining
2021/06/12 5:22:38 AM GMT+7,35-44 years,United States of America,5 or more years ago,Metamask,"Metamask, most widely used",Fiat onramps,Within the last year,"Alchemix, mostly curious",Gas fees,It was easy,"Not sure, Nexus/umbrella/cover?",Be a part of the future
2021/06/12 5:24:28 AM GMT+7,25-34 years,United States of America,3-5 years ago,Metamask;Ledger;Coinbase,Ledger nano s. Friend recommended,"I think it's windows, but occasionally there will be a security pop up that flashes several times before allowing me to make/sign a transaction and it's super annoying.",Within the last year,Defi saver,"There was a bit of a learning curve to finding out how and where to stake then where to put that tokenized LP position. Also, transaction fees on main net",Autonomy! Having absolute control of my money had been amazing and liberating,Curve/yearn,I don't really plan on taking money out. The yield is great and when it comes time to take money/profits I want to do like David suggested and borrow against my money
2021/06/12 5:28:08 AM GMT+7,35-44 years,Australia,3-5 years ago,Metamask;Ledger;Argent,Metamask - used with a friend who was showing me how to use crypto,gas fees,1-2 years ago,Instadapp - I think this was the first - because it could batch lots of transactions into one,getting actual APY's and understanding the profitability of my positions,Liquidations because I didn't get a notification early enough,"Zerion is my fav, along with Zapper",Earn money and spend it in the real world and go completely off fiat
2021/06/12 5:32:17 AM GMT+7,35-44 years,Ireland,3-5 years ago,Metamask;Trustwallet;Ledger,Coinbase - it was the most popular at the time (2017/2018),Understanding how the they worked and the risks involved,Within the last year,Uni - i bought a shitcoin for the first time - it was shilled in a tg group i am part of,"Learning about the risks, getting rugged (on bsc) learning about slippage, rounding etc‚Ä¶. Now am bullish af about all things defi",My first foray was to buy a shitcoin on Uniswap. The shitcoin tanked but a couple of months later i got the Uni airdrop - that was a beautiful wakeup call,aave On polygon‚Ä¶ also beefy on polygon,To become bankless and farm my way to retirement
2021/06/12 5:37:26 AM GMT+7,35-44 years,Australia,3-5 years ago,Metamask;Trustwallet,Trust. Friend recommended,Fear of making mistakes,1-2 years ago,Uniswap. Necessity,Gas fees to ‚Äòapprove‚Äô tokens,Airdrops,Uniswap,All finance needs met without a bank
2021/06/12 5:42:17 AM GMT+7,35-44 years,United States of America,Within the last year,Metamask;Trezor,Metamask. My friends recommended it and it seemed like the wallet with the best compatibility.,I was nervous the first time sending funds due to the lack of guardrails to prevent you from making a mistake.,I have never used DeFi,NA,NA,NA,NA,Get rid of my savings account and only keep enough cash in my checking account for months of expenses that have to be paid for in fiat.
2021/06/12 5:43:48 AM GMT+7,25-34 years,Romania,1-2 years ago,Metamask,Metamask because i love eth,Gas fees,1-2 years ago,Uniswap because was the biggest,Gas fees,Receiving the airdrops and oportunity to buy and hodl my tokens,"Quickswap, uniswap",Goog pick
2021/06/12 5:51:29 AM GMT+7,45-54 years,United States of America,3-5 years ago,Metamask;Ledger;Coinbase;Exodus and Trezor,I chose Ledger for security purposes and because it was the most recommended.,At first I struggled with adding new apps to my ledger.,1-2 years ago,Dydx,Not calculating the gas fees before withdrawing my funds. I ended up breaking even because of this.,Receiving UNI Airdrop. I consider it one of the most monumental events in the last 5 years of crypto.,Aave,"To use DeFi to create new revenue streams for myself and re-imagine what a retirement account would look like. I believe that DeFi has the potential to beat the returns from traditional IRAs in orders of magnitude. I want to demonstrate this and then confidently lead others to do the same. I am 49 and I don‚Äôt have an retirement account, so this is something I am very focused on."
2021/06/12 5:57:11 AM GMT+7,25-34 years,United States of America,1-2 years ago,Metamask;Trustwallet;Ledger;Argent;Coinbase,"Metamask , most convenient and easiest to use.",synchronizing wallets between computer and mobile,1-2 years ago,"uniswap , just because I needed to trade tokens",Gas fees and impermanent loss,"Positive is that I earn tokens and yield by just providing liquidity , I can also borrow from future yield or even borrow with 0% interest rate.",liquity,I don't see an endgame
2021/06/12 5:59:31 AM GMT+7,35-44 years,Japan,Within the last year,Metamask,Metamask. Just what I was turned onto first.,Gas fees and multiple transactions required to complete a single objective :),Within the last year,Uniswap to exchange tokens.,Number of required steps in some cases,Using my assets to earn assets,pool together seems like something I would like to try out,Self sovereign financial freedom
2021/06/12 6:09:51 AM GMT+7,45-54 years,Spain,5 or more years ago,Metamask;Argent;Coinbase;Trezor,Metamask. It was (and is) the industry standard.,Keeping private keys safe.,1-2 years ago,"1inch, to exchange tokens. It was integrated in the wallet I was using.","Lately, gas prices.",How easy it is to authenticate to sites.,Alchemix,Passive income
2021/06/12 6:16:26 AM GMT+7,45-54 years,Slovenia,3-5 years ago,Metamask,Metamask - first available!,Weak mobile version,1-2 years ago,Compound,Gas price,Learning about economics of DeFi,Quickswap,"Fast, reliable, cheap gas (e.g. on Polygon)"
2021/06/12 6:20:06 AM GMT+7,35-44 years,United States of America,5 or more years ago,Metamask;Trustwallet;Ledger,"MetaMask - back in the early days of ETH, that was pretty much the only one",Switching back and forth between networks and not having a holistic view of my crypto holdings.,1-2 years ago,Yearn - it was the first I read about.,There are so many! hard to decide which to participate in.,The great communities that have developed in the DeFi space.,Symmetric,"I don't have an endgame, I'm in it forever."
2021/06/12 6:29:41 AM GMT+7,35-44 years,Italy,5 or more years ago,Metamask;Crypto.com,Freebit.co was my first wallet in 2013 didn't know any other at the time. After that I had a huge break from crypto then got into metamask and crypto.com,The Matemask networks and non token-sync between desktop and mobile it's been a bit of a pain!,Within the last year,Used uniswap for the first time..everyone was talking about it and wanted to check it out.,The gas fees..,None,Sushiswap anf dxdy,Manage my finances and become 100% bankless.. still hold my bank accounts unfortunately
2021/06/12 6:37:00 AM GMT+7,25-34 years,United States of America,5 or more years ago,Metamask;Argent;Coinbase;Trezor,NA,Scared of losing keys/phrase. (I know social recovery can solve this.),Within the last year,NA,NA,NA,NA,NA
2021/06/12 6:40:50 AM GMT+7,25-34 years,United States of America,3-5 years ago,Metamask;Ledger;Coinbase,"Coinbase, then Metamask, then Ledger. Increased security along the way as my portfolio (and associated risks) grew!","Connecting to different networks (Polygon, Fantom, BSC, AVAX, etc.)",Within the last year,"DeFi Money Market $DMG (got rugged). A friend introduced me to the protocol. I was naive, knew nothing...","The language was the biggest barrier to entry. Liquidity, vaults, gas, pairs, staking, etc. Once I learned the language then I fell in love with the efficiency of it all.","Airdrops are a pleasant surprise. Also, I LPed on UNI with $AUDIOx$ETH and got very lucky with the timing of things...",Sushi integrated with Polygon! and Curve...,Automate my income...
2021/06/12 6:47:23 AM GMT+7,25-34 years,United States of America,3-5 years ago,Metamask;Ledger;Argent;Coinbase,"Ledger, for security",Too many wallets to keep track of,1-2 years ago,Zerion,Separate price feeds and token support,Generating income,Zapper,Grow my investments
2021/06/12 6:51:42 AM GMT+7,45-54 years,United States of America,3-5 years ago,Metamask;Argent,"Ledger - thought it was the most secure until the hack, lost my trust",Nothing painful,Within the last year,Raydium for yield farming,needed to get my metamask and sollet set up properly,"experiencing the opportunity cost of ""divergent loss""",Uniswap V3,"Yield, ETH staking"
2021/06/12 6:52:16 AM GMT+7,55-70 years,United States of America,3-5 years ago,Metamask;Trustwallet;Ledger;Coinbase;MEW,MEW to store ETH,"Too many wallets, many coins need their own wallet",1-2 years ago,Uniswap best place to purchase the crypto I wanted,GAS Fees,Easy to use,Alchemix & OHM (Olympus Dao),Make money for retirement! Love Bankless!
2021/06/12 6:55:44 AM GMT+7,35-44 years,Australia,Within the last year,Metamask;Ledger,"Metamask, ease of browser integration and anonymous. Ledger due to small form factor.",Sometimes the ledger and metamask get out of sync and both require a reboot to work well together,Within the last year,"zapper.fi, provides a great overview and ease of zapping into / out of various pools",ethereum gas fees.,yields!,"alchemix, once they provide alEth.",earning passive income
2021/06/12 6:58:57 AM GMT+7,25-34 years,Ukraine,3-5 years ago,Metamask;Trustwallet,Exodus. It was simple to learn and it was secure. It had awesome design also.,One time I lost my wallet.dat file and I lost my funds correspondingly. I don't remember how much it was.,1-2 years ago,"Probably, it was Uniswap. Is there somebody at all who didn't use it?",Fees. One time I paid ~100 $ fee for transaction that has had their own value much less than that fee value.,Uniswap airdrop.,"Leveraged yield farms. For example, Alpaca Finance.",I would want gas will be cheaper. I would somebody will come up with the solution that totally slave an impermanent loss. And in the future I could be a person at some DAO team.
2021/06/12 7:01:26 AM GMT+7,45-54 years,Canada,1-2 years ago,Metamask,"Metamask , I could put it in my browser","the sequence of transactions, slippage, adjusting fees",Within the last year,"pickle finance, I read about it",lack of instructions and uncertainty of what to do on farm pages,I received an airdrop,alchemix,increase wealth
2021/06/12 7:03:00 AM GMT+7,Above 70 years,United States of America,Within the last year,Metamask;Trustwallet;Coinbase;PayPay got me started,Coinbase cuz I was dumb and Reddit said it was ok,"Coinbase centralized expensive so Coinbase pro then Trust Wallet then Meta Mask. Sent ETH to myself by error. Have too many devices and too little understanding. IPhone, IPad, and Surface. Browsers make a difference. MetaMask likes Chrime and extensions. Not easy to add wallet accounts. Wallet Conner hasn‚Äôt worked.  Even copying and pasting addresses does not always work. Instructions not always clear. Send a DM is great only if you know what a DM is and where and how to use it. Steep learning curve for those who did not grow up using computers.",Within the last year,"Sent small amount of ETH to Trust Wallet so I could buy ROC as a pre sale token at .03 to participate in the Robot Economy. AI, Smart cities security, ETH layer2, VR. AR as my 21 year old grandson is working on a degree in electrical engineering and systems design in Japan and thinks there will be a robot economy one day.","Just trying to know what to push when to accomplish the task. I was able to claim my 2021 POAP Bankless badge without assistance using my IPad by Above Average Joe spent hours helping me claim my 37,422+ Bank and getting me sorted by shifting to a laptop better server zoom etc 3 different sessions. Also AA Joe had to assist with 2nd retroactive Bank drop and I still have not been able to figure out claiming POAP badges for attending community calls. One call I had no sound. Also got it claimed today but help from AA Joe once again. Learning to transfer Bank to Discord was a chore and once more AA Joe rescued me. I love tipping as it makes me feel like while I am unable to contribute the tips are appreciated by those who are contributing and I can show my appreciation and support the values.",I am an active participant and full member of the Ethereum Community of Goodness as well as the banklessDAO Community of goodness with the hope of watching the World become Bankless in a robot economy before I die. My time horizon is much shorter than most involved at the age of 77!,The BED Indec,Grow in knowledge with the banklessDAO
2021/06/12 7:06:32 AM GMT+7,45-54 years,Canada,Within the last year,Metamask;Ledger,Metamask - seemed like a decently rated wallet from different review sites,The importance of the seed phrase.  I originally thought the coin hashtag was the important thing to protect.,I have never used DeFi,NA,NA,NA,NA,NA
2021/06/12 7:17:34 AM GMT+7,25-34 years,Romania,3-5 years ago,Metamask;Ledger;Argent,"Ledger, I was told, not your coins, not your keys, and that seemed like a great option",Signing transactions is not convenient. Argent is a big improvement though,Within the last year,"Aave, a friend told me about",Beng afraid of impermanent loss and high gas fees,The ease of setting up an account,Aave,Put my coins to work
2021/06/12 7:18:37 AM GMT+7,25-34 years,United States of America,1-2 years ago,Metamask;Trustwallet;Ledger;Coinbase,"Coinbase, cousin told me to",Ledger was complicated to learn,Within the last year,"Zapper, good visibility",Gas fees!! And learning everything the hard way. Best way to learn is by doing though,The whole Defi world in general has sparked extreme excitement in me.,Yearn alchemix,Pay for All my expenses from Defi cash flow
2021/06/12 8:01:17 AM GMT+7,25-34 years,United Arab Emirates,1-2 years ago,Metamask;Trustwallet;Ledger;Argent,Metamask. Web3 accessibility,Mobile version and web version is not synced about transactions ..,Within the last year,Maker Dao,Nothing,Liquidation was not at the same time of price drop,Furcumbo,Alchemix
2021/06/12 8:16:26 AM GMT+7,35-44 years,United States of America,1-2 years ago,Metamask;Argent;Coinbase;loopring,"coinomi, it was a setup for a gift of doge",loopring has been a challenge to do anything but swap erc-20 tokens,Within the last year,"loopring, layer 2 access","gas costs, getting ripped off in an AMM scheme.","Learning about Rai and Reflexer, getting Flx airdrop",Uniswap V3 on L2,"gain more tokens/coins, diversity my fiat holdings"
2021/06/12 8:29:39 AM GMT+7,25-34 years,Australia,3-5 years ago,Metamask,CoinSpot - easiest access. Recommended by a friend,1. Requiring multiple wallets to store desired coin 2. Concerns on safety 3. Learning curve (understanding keys),Within the last year,Uni recommended by a friend,"Learning curve, shitting pants and unsure of correct procedure + losing",Relatively user friendly,Curve,Financial independence
2021/06/12 8:54:55 AM GMT+7,25-34 years,New Zealand,Within the last year,Metamask;Coinbase,"Lots of goggling good wallets,",Working out how to transfer currency without gas fees and find the right currency I'm looking for.,Within the last year,"Coinbase, same as before then it at ETH in it I wanted to use",NA,Well bought in the dip and it's gone up a bit since then !,Argent,Make more money?
2021/06/12 9:00:35 AM GMT+7,25-34 years,Russia,Within the last year,Metamask;Trustwallet,Metamask because everyone's using it and it was the first recommendation,"Trasnferring accounts from one device to another, some minor UI bugs",Within the last year,Uniswap because I had to swap some ETH,"Totally new experience for a newcomer, not very clear even with the instructions I had at the moment","Learned a lot more about finance, both traditional and decentralized, than in the my whole previous life","Depends on the situation, I don't really have favourites","Have enough money to live off it, then stay for the tech and build something"
2021/06/12 9:04:10 AM GMT+7,35-44 years,Brazil,5 or more years ago,Metamask;Ledger,MyEtherWallet -- seemed the best choice at the time,"I actually love Metamask with Ledger, no complains",1-2 years ago,Uniswap - to buy shitcoins,"L2 sucks, I really don't like it",Positive: I got richer - Unexpected: It was easier than I thought,Alchemix,Decent passive income in bearish times
2021/06/12 9:09:59 AM GMT+7,25-34 years,India,3-5 years ago,Metamask;Trustwallet;Argent,Excudus it was easy to access.,Managing keys,1-2 years ago,Zapper.fi,Unable to track all my yield farms,Free NFTS,"Zapperfi, uniswap, Pancakeswap",Start investing in the up coming DeFi companies
2021/06/12 9:34:03 AM GMT+7,45-54 years,United States of America,3-5 years ago,Metamask;Ledger;Coinbase,Coinbase because it was easy to use with my Coinbase account.,Different protocols aren't comparable with every wallet. Very annoying.,Within the last year,"Curve it was in the first Bankless newsletter that I read, I think.","The UI of some has been a little intimidating, but I have gotten used to it.",I got an unexpected airdrop from 1inch,Alchemix,Ease in managing my finances and use my regular bank as little as possible.
2021/06/12 9:39:08 AM GMT+7,25-34 years,United Kingdom,5 or more years ago,Metamask;Coinbase,Metamask because it's easy and convenient.,"Lack of full functionality of mobile wallets. Example, using mobile wallets with more complex DeFi stuff.",3-5 years ago,Etherdelta. To trade tokens not available on a CEX.,Clear ELI5 explanation of what differentiates any particular DeFi product from the others in a non-technical way.,Positive experience has been the airdrops. It's a continued incentive to remain active in DeFi.,AAVE on Polygon,"Continued evolution of the space, don't lose the money I began with, grow my crypto stack, become Bankless."
2021/06/12 10:18:49 AM GMT+7,55-70 years,Georgia,3-5 years ago,Metamask;Trustwallet,Trustwallet had a great interface and the possibilities to show collected NFTs,Unclear design. F. E. the browser in Trustwallet is not easy to find and to understand,1-2 years ago,"Uniswap, easy design and playful clear logo and interface","To understand the concepts, especially for non English native speakers, because knowledge of terminology",I liked the Ampleforth geyser,"Staking, earning rewards, NFT as collaterals, making money",Staying bankless :)
2021/06/12 10:18:56 AM GMT+7,35-44 years,Canada,Within the last year,Metamask,"My Ether Wallet, seemed like a good option at the time. Doesn't integrate as easily with a lot of DeFi apps though.",Constantly checking and rechecking and then checking addresses again.,Within the last year,"1inch, choose instead of Uniswap as per previous statement about MEW not connecting to some DeFi apps.","Sometimes directions aren't clear. Also, the waiting time for a tx to confirm feels like an eternity sometimes.",Airdrops are great!!,I've been meaning to plug into zapper.fi and I'd also like to start moving over to L2s,Being bankless
2021/06/12 10:31:03 AM GMT+7,25-34 years,United States of America,Within the last year,Metamask,Metamask because it was easy,Learning how gas works,Within the last year,ZZZ.Finance because a friend told me about it,Understanding tokenomics and liquidity impacts,Feel empowered to earn yield with crypto,Zapper.fi is awesome,To have crypto work for me until I can live off the yields
2021/06/12 10:36:49 AM GMT+7,25-34 years,Malaysia,1-2 years ago,Metamask;Ledger,"Metamask, reputation",Learning curve,Within the last year,"1inch, ease of use",Understanding the steps/sequence and how to know if I am doing the right things,Nothing out of the ordinary,Yearn,Income generation
2021/06/12 10:49:22 AM GMT+7,25-34 years,United States of America,3-5 years ago,Metamask;Ledger;Argent;Coinbase,Metamask and I forget why but probably because it was the one the dApp suggested I connect to,NA,1-2 years ago,Maker vault. First one I found,Sometimes gas prices. Sometimes that the wallet I want to use isn‚Äôt supported. Sometimes fear of incurring tax and that the tax consequences aren‚Äôt clear. Sometimes fear I‚Äôll make a mistake a lose funds.,The Uniswap airdrop was an unexpected and really positive surprise.,I‚Äôd like to learn to use Tornado Cash,Hoping to stake ETH and live off the yield
2021/06/12 11:13:31 AM GMT+7,35-44 years,United States of America,3-5 years ago,Metamask;Trustwallet;Coinbase,Coinbase. Ease,Addresses were difficult to swap,Within the last year,Aave. Bankless mention,Confusing ux and jargon,Ease to earn yield,Uniswap,I don't have one. I'll be in until I die.
2021/06/12 12:04:35 PM GMT+7,45-54 years,United States of America,3-5 years ago,Metamask;Ledger;Argent;Coinbase,Metamask. Chose it because I read about it online while trying out Cryptokitties,Understanding conceptually where my coins are.,Within the last year,one of the exchanges,NA,Seeing the potential for Defi apps to take over functions done by Cefi,not sure,earn interest. Escape fiat.
2021/06/12 12:50:12 PM GMT+7,25-34 years,United Arab Emirates,1-2 years ago,Trustwallet,Trust wallet,App web 3 browsers don't always respond well,1-2 years ago,Uniswap,Gas fees,Made money from uni airdrop,Balancer,Make returns on my tokens
2021/06/12 12:52:27 PM GMT+7,18-24 years,Philippines,5 or more years ago,Metamask;Trustwallet;Binance Wallet,Metamask. Because it is a Decentralized Wallet,"No real time sync across devices. Some wallets are only available as Chrome extensions. Some just as mobile apps. For those that cover different devices, there is still no real-time sync across them.",Within the last year,"Uniswap - it's your gateway DEX, AMM etc.",A lot of DeFi apps are still buggy. Mostly are only accessible via the web. No native app version. Performance of an app is still kind of very dependent on the Web 3.0 Wallet you are using,Greater Passive Income and more transparency!,1inch.io!,"Curve Finance, Balancer, Synthetix.io. Actually, no phones. Rather, they should be integrated with your wearables. Also, better UX experience and gamified as well. Look at Mobox and the whole NFT Gaming space. That is the fastest and most fun way to onboard people to becoming truly BANKLESS :D"
2021/06/12 1:28:13 PM GMT+7,35-44 years,Sweden,5 or more years ago,Metamask;Coinbase,"MetaMask. Seemed easy to use, looked familiar somehow (maybe Firefox). Most people seemed to recommend it.",The UX of MetaMask is not the best. Often clicking the wrong buttons etc.,Within the last year,"Uniswap. Most popular, easy to use. Read about Hayden Adams.","In the beginning, not easy to see understand how gas works. Should have been more instructions in the ux.",Got surprised how sushiswap is user friendly and smooth. There design just looks great.,Liquity,NA
2021/06/12 1:37:11 PM GMT+7,35-44 years,France,5 or more years ago,Metamask;Trustwallet;Ledger,"Ledger, because I felt safe with it.",Mainly the challenge to find how it work and which source of information to thrust.,Within the last year,"Aave, because it was one of the most famous project",The transaction cost on ethereum,"Learning about ""irl"" finance!",Lending protocols and dao,Well... Make my crypto work for me
2021/06/12 2:24:12 PM GMT+7,35-44 years,United Kingdom,3-5 years ago,Metamask;Trustwallet;Ledger;Argent;Coinbase,metamask,NA,Within the last year,compund,NA,love defi,"uni, comp, maker, 0x, ....",NA
2021/06/12 2:34:02 PM GMT+7,35-44 years,Malaysia,3-5 years ago,Metamask;Trustwallet;Ledger;Argent,Coinomi. Non-custodial.,Fear of mistakes. Transactions get stuck. Or paid unexpected high fees.,1-2 years ago,Compound. Experimentation.,High fees. Some apps lack of documentations and step by step guides. Some apps are too complex to understand e.g. Badger / rebase tokens.,Airdrops. It has been rewarding to be early.,Aave,$5M base earning 1% APY a month. All the financing I need in life is done without a bank.
2021/06/12 2:37:11 PM GMT+7,25-34 years,United States of America,3-5 years ago,Metamask;Ledger;Argent,Mycelium,Fees and transaction time,I have never used DeFi,Na,Na,Na,Alchemix,Get rich!
2021/06/12 2:40:25 PM GMT+7,35-44 years,United Kingdom,3-5 years ago,Metamask;Ledger,"blockchain. I tried loads, bread and Jaxx but blockchain was the first transaction and it worked.",Financial regulators. I use wirex and in the UK they rug pulled the temporary financial licenses. I believe the regulators are unrugpulling in the next month or two but FCA suck.,Within the last year,uniswap because I heard it was great (probably from bankless).,eth l1 fees but polygon solved that. So now it's lack of L2 <-> L2 bridges (when l1 gas is expensive),Stablecoin Interest rates > 0.000001%,Anything by scoopy trooples,"What's going to happen: The Defi mullet where the front is all the investment banks that have gutted their back ends.

What I truely want: Uncollatoralised borrowing at << 30% interest rates. The poor are getting ripped off with credit card fees and loan sharks. We can do much better somehow.
"
2021/06/12 3:00:52 PM GMT+7,25-34 years,United Kingdom,3-5 years ago,Metamask;Ledger;Coinbase;Temple,Coinbase as was my first exchange,Trust and researching this through review sources,Within the last year,Uniswap,Very little. But metamask has been a game changer for ease of connection,Farming on XTZ,Aave,"To have control of all loans (mortgage to student loan) myself, through defi solutions"
2021/06/12 4:47:55 PM GMT+7,55-70 years,India,Within the last year,NA,"Trustwallet,   Found thru web tutorial",Moving Funds from source with huge Fee,Within the last year,"CoinMarketCap, Just by chance","Still not figuring out,",you can get good product history,NA,NA
2021/06/12 5:21:11 PM GMT+7,45-54 years,Germany,Within the last year,Metamask;Trezor One,Metamask - through advice on a Youtube Channel (I don't personally know anyone into Crypto and Defi),"Nothing painful.  At times things are confusing, as each site seems to have it's own way of doing things!  The whole Defi space is very confusing.",Within the last year,"Aave -  again Youtube advice, but in the meantime I had heard about Aave lots, through you guys too!",CONFUSION!  Every App has it's own rules and way of doing things.,I can increase the yield I can earn on my USDT etc lots by  knowing where to stake.,"At the moment - things connected to Polygon.  You've got to choose, right?","Banklessness!!!!  BTW - I have already cancelled my Mastercard, since I already can use the Binance card I have everywhere.  And I've cancelled a legacy savings account, that hasn't paid much yield."
2021/06/12 5:22:03 PM GMT+7,25-34 years,United Kingdom,1-2 years ago,Metamask;Ledger;Argent,NA,Metamask.... Because it's metamask!,Within the last year,"Pooltogether, it was accessible and friendly","Gas, fear, low volume so expensive",Airdrops,Uniswap,"To feel financial liberty, and accept payments (I'm self employed) through DeFi"
2021/06/12 5:28:59 PM GMT+7,25-34 years,United Kingdom,Within the last year,Metamask;Ledger;Argent,Coinbase wallet was the first time I ever used a wallet. As my first CEX I naturally trusted their wallet initially above all others. Very quickly moved to MetaMask after doing some research.,"First time ever using MetaMask, I had no idea what approving and signing transactions was all about. I did so merely to complete transactions, but as my first few times using a wallet and knowing nothing about how Ethereum worked, there was nothing to say what an approval was and why signing transactions was necessary. Mystery as a newbie 6 months ago!",Within the last year,Uniswap. Started seeing articles about Uniswap during DeFi summer last year.,"Gas fees in 2021. In late 2020, honestly no major obstacles using DeFi apps.",Airdrops. Using 1Inch only once to make a large transaction and subsequently receiving a large airdrop. Similarly with Gitcoin and PoolTogether. Any literature from Bankless encouraging people to used new DeFi apps is a plus.,Aztec as they develop this summer.,Earn enough interest to quit my job.
2021/06/12 5:56:31 PM GMT+7,45-54 years,United States of America,Within the last year,Metamask;Ledger,Ledger. Bankless guys promoted it.,I like it. Maybe a little stressful it could be lost/stolen or I misplace/forget seed phrases.,Within the last year,Only used UNI to convert some tokens. I don‚Äôt feel confident yet with terminology and mechanics of using most DEFI yet. That‚Äôs definitely where I want to gain more experience.,Just so much information. Get lost in the terminology. Don‚Äôt want to fuck up so I just stay away from it until I gain confidence.,Converting on UNI was easy,Polygon AAVE,Make passive income. The concept David/Ryan put out a couple months ago about staking your ETH and then using your rocket pool rETH to spin-off income was intriguing. I would like someone to walk me thru that or better yet do it for me. This is where Bankless DAO could become somewhat like what a Financial Brokerage is in the Legacy world. Not sure how that would work legally but I would be a client for sure.
2021/06/12 6:10:47 PM GMT+7,25-34 years,Tunisia,3-5 years ago,Metamask;Argent,"MyEtherWallet, first one available",To store private key,Within the last year,"Compound, cause it was available in Argent",Not painful,Uni AirDrop üòÅ,Uniswap V3,Didn‚Äôt get the question
2021/06/12 6:28:29 PM GMT+7,25-34 years,Netherlands,1-2 years ago,Metamask;Ledger;Argent;Monolith,"Metamask, because it was the industry standard and seemed to have the best integrations with dApps from what I read at the time",Managing different wallets in various places; they feel scattered which only gets worse over time,1-2 years ago,"Uniswap (swapping assets), because it was the simplest concept to grasp and very easy to use + it provided an immediate use case that was relevant to me","The only thing is gas fees (after a while; in the beginning this wasn't a problem for me), but the dApps themselves were actually a delight to use compared to other internet applications that always require an account & confirmation through an email.","Airdrops, a lot of airdrops (I'd have to count for the exact number, but probably more than 10 already). AMPL was the most unexpected and generous one. I basically got back all my lost gas fees + a whole lot more through airdrops by simply using these applications.","TokenSets portfolio management, but gas fees are currently in the way of that","Making me financially independent and hopefully being able to pay in the real world immediately trough a DeFi application (kinda already possible through Monolith, but not fully yet)."
2021/06/12 7:13:33 PM GMT+7,55-70 years,NA,5 or more years ago,Metamask;Ledger;Argent;Coinbase,Trezor. Can't remember what the particular reason was. I think it was the only serious one at that time.,"It was tough at the beginning, now I think they are a lot better, even with the updates.",Within the last year,"IDLE, I was looking for some yield","Each one is different, you need to dig into the details to understand them, jargon. Sometimes you think you are reading a foreign language.
",A nice 1inch airdrop and my bankless airdrop.,Zapper and Zerion are great in keeping things together,To kiss my bank goodbye.
2021/06/12 7:43:04 PM GMT+7,25-34 years,Lithuania,Within the last year,Metamask;Trustwallet,Metamask. Most popular one,"Many errors, incorrect amount of gas to pay, hard to connect to the various mobile apps with it(maybe only my issue)",Within the last year,Uniswap  to swap tokens,Gas,Worked as expected,Curve,Maximising gains
2021/06/12 8:04:10 PM GMT+7,35-44 years,United States of America,3-5 years ago,Metamask;Ledger,"Ledger, security",Terrible UI/UX for NFTs ‚Äî both adding and viewing.,3-5 years ago,"Ether Delta, to acquire a coin",Most Defi apps have pretty remedial interfaces ‚Äî not intuitive,"Easy to use, once you learn their UX, it‚Äôs a breeze",Sushi and AAVE,Stack chips
2021/06/12 8:06:31 PM GMT+7,25-34 years,United States of America,Within the last year,Metamask;Ledger;Other custodial ones.,I used Celsius and coinbase before transferring to a Ledger connected to Metamask. I picked this because of good security.,Learning how to do things was a bit of a learning curve.,Within the last year,Uniswap. I wanted to get a token not available on coinbase,Gas fees,Alchemic has been great. Basically I can get free DAi by just waiting.,Alchemic with ETH,"Self sovereignty, passive income, financial independence"
2021/06/12 8:20:34 PM GMT+7,25-34 years,United States of America,5 or more years ago,Metamask;Argent;Coinbase;Trezor,Coinbase. I didn't know metamask or hardware wallet when I first engaged with crypto. Also Coinbase was my first gate to convert fiat to crypto.,My only pain point is that Metamask doesn't support 2FA. I'm using it with hardware wallet but 2FA will make it more secure.,Within the last year,Yearn Finance because it's simple,It's hard to manage the impermanent loss and some DeFi are hard to understand. And the smart contract risk is always a sword of Damocles,got airdropped of $BANK...,Curve Finance,KeeperDAO
2021/06/12 8:29:33 PM GMT+7,35-44 years,United States of America,1-2 years ago,Metamask;Coinbase;Trezor,Trezor because I wanted a hardware wallet and my cousin had a ledger and didn't like it so I tried the other most popular hardware.,Seed phrases,Within the last year,I wanted to earn interest on my crypto and Aave had a better interest rate than Compound the first time I used a dapp.,Gas fees are way too high!,Airdrops are the best thing about using a dapp. One day u wake up with a nice unexpected gift! My worst experience was getting liquidated and losing 0.5 ETH.,Dydx,Build a portfolio large enough I can use mining rewards to cover my living expenses and be financially free.
2021/06/12 8:31:28 PM GMT+7,55-70 years,Singapore,5 or more years ago,Metamask;Ledger;Argent;Coinbase,MetaMask. Well known & easy to use.,Gas fees,Within the last year,Uniswap,"Fear of failure: security, protocol, etc",Cost of transactions,Uniswap V3,To become comfortable using them more regularly
2021/06/12 8:44:10 PM GMT+7,45-54 years,United States of America,5 or more years ago,Metamask;Coinbase;Trezor,Metamask. Easy to use.,Security. Remembering seed phrase.,Within the last year,Compound,Security concerns,It worked!,Sovryn,Go Bankless!
2021/06/12 9:10:30 PM GMT+7,25-34 years,United States of America,3-5 years ago,Metamask;Trustwallet;Ledger;Argent;Lattice,Lattice. Security.,"Ensuring security and backups with seed phrases and private keys. The distinction between private keys and seed phrases was also unclear to me. E.g., Metamask wallets require both in order to be recovered. One may mistakenly believe that only a seed phrase is necessary for recovery.",1-2 years ago,MakerDAO. I used it to loan DAI against my ETH.,Insuring against smart contract risk.,Opened up a new world.,"Hasn't been built yet, but hopefully one that will enable anyone to gain financial freedom by converting real world events (off-chain) into on-chain value. Data is the key.","There is no endgame. Came for the money, staying for the freedom."
2021/06/12 9:38:26 PM GMT+7,25-34 years,United States of America,5 or more years ago,Metamask;Ledger;Argent;Coinbase,"coinbase, easy to connect my bank and trusted not to lose my money",uncertainty. not knowing if im doing things correctly or how to check if i am doing things correctly.,Within the last year,"1inch, better prices than uniswap","fear of exploits, not knowing to use apps with audits.",sometimes i get more tokens than i thought i was gonna get in a swap because the price drops as i click buy,alchemix,never sell plan
2021/06/12 9:54:02 PM GMT+7,18-24 years,United States of America,Within the last year,Metamask;Ledger,Metamask. It was pitched as the safest and most convenient.,Ledger integrations suck. If you want the security of the hardware it's a painful process to figure everything out.,Within the last year,I first traded on uniswap but only like one time. The first dapp I've really gotten into was aave.  Mostly because it was on polygon so gas wasn't prohibitively expensive for me.,G.a.s. spending $100 even for 10% returns isn't worth it.,I think seeing quick swaps data visualization about being an lp was really cool. There should be more of that so users don't have to do it themselves.,I think yearn vaults are really cool but gas.,I want to build dapps. Working on something cool in the background üòä
2021/06/12 9:56:33 PM GMT+7,25-34 years,United States of America,3-5 years ago,Metamask;Ledger;Argent,First was MetaMask because its in all the tutorials. Next was Ledger to have a cold wallet.,"Awful UX, no inbuilt education",I have never used DeFi,Argent? But the names of the defi products were not clear nor the rates,"Gas costs, IL, liquidation risk, smart contract hack risk",NA,"Aave, Yearn, Alchemix",To achieve financial independence
2021/06/12 10:24:30 PM GMT+7,45-54 years,Germany,3-5 years ago,Metamask;Coinbase;MEW,MEW,The interface of the wallet could be more userfriendly,1-2 years ago,AAVE,It was quite esay through Metamask,To earn real interest rates > 0,AAVE,AAVE used by institutions. And uncollateralized loans (who need banks?).
2021/06/12 10:39:08 PM GMT+7,35-44 years,United States of America,1-2 years ago,Metamask;Argent;Coinbase;Loopring,MetaMask recommended by Bankless,Gas!,Within the last year,"Uniswap, token swap",Not using enough money in yield generating protocols and then having gas eat yield,Loopring basically zero fees after on L2,Uni/sushiswap,Stable yield on secure protocols
2021/06/13 12:25:48 AM GMT+7,25-34 years,Canada,I have never acquired crypto currency,Metamask,N/A,Onboarding,I have never used DeFi,NA,Fees and UX,Understanding terms,Yield based,BANKLESS
2021/06/13 1:04:40 AM GMT+7,45-54 years,United States of America,Within the last year,Metamask;Ledger;Coinbase;Exodus.   Trezor,Exodus free app,Fear and terror,Within the last year,Not sure - maybe poap,No friends in defi.  Don't trust youtube.,None yet.,Waiting on arbitrum.,Retire 5yrs early.
2021/06/13 3:24:42 AM GMT+7,35-44 years,United States of America,3-5 years ago,Metamask;Ledger,"Ledger, security",Terrible UI/UX for NFTs ‚Äî both adding and viewing.,3-5 years ago,"Ether Delta, to acquire a coin",Most Defi apps have pretty remedial interfaces ‚Äî not intuitive,"Easy to use, once you learn their UX, it‚Äôs a breeze",Sushi and AAVE,Stack chips
2021/06/13 4:15:25 AM GMT+7,45-54 years,Chile,5 or more years ago,Metamask;Trustwallet,Metamask,Wallets only handling one type of token.,I have never used DeFi,NA,NA,NA,NA,Investment for retirement
2021/06/13 8:06:34 AM GMT+7,35-44 years,United States of America,Within the last year,Metamask;Ledger;Argent;Coinbase,Metamask,Transactions getting stuck,Within the last year,Easy to use and gas efficient.,Complicated transaction and high gas costumes,Earning Yield,"Arbitrum, Alchemix",To use it as part of my overall investment portfolio.
2021/06/13 8:27:06 AM GMT+7,55-70 years,China,3-5 years ago,Metamask;Ledger,Trezor,Safeguarding seedwords without feeling anxious about losing access or security.,Within the last year,Compound to buy DAI,Gas Costs. U/I difficulty.,Air Drops!,"Aave, Liquity, dYdX",Grow bags and convert over time to Kinesis KAG and KAG
2021/06/13 8:49:16 AM GMT+7,55-70 years,Canada,3-5 years ago,Metamask;Argent,electrum,UI still clumsy,1-2 years ago,set tokens through argent,reward mechanisms can be convoluted,"ultimately, the speed and simplicity of connecting a metamask wallet to a dapp and transacting quickly",convex,no endgame.  i use DeFi until I'm dead
2021/06/13 9:15:42 AM GMT+7,35-44 years,Singapore,3-5 years ago,Metamask;Trustwallet;Ledger;Coinbase,"MyEtherWallet, OSS project , i can run locally and it is safe as the source code is open","Many projects did not build their own wallet, like xrp , stellar, this led to using wallet which are obsolete now, cannot even take the token out now. non- erc20 token should have a proper wallet from the same company.",Within the last year,"I used Uniswap, mistX, and used https://app.moola.market (Celo) it has mobile wallet","UI, UX, knowledge , security and trust. I'm building a Mobile App for Moola Defi , (http://blockcash.finance) coming soon",DEX are good.,"Aave,liquity, Alchemix","Reaching the unbanked billions via mobile, providing them access to money that is decentralised."
2021/06/13 11:01:23 AM GMT+7,35-44 years,Argentina,Within the last year,Metamask,"MetaMask - reason, DeFi","Not painful at all, but def is something that needs improvements to attract new users such as - 1-transaction history, more details 2-funcion to hide tokens (shit ones), 3-explainers for gas, blockchain, risks, etc",Within the last year,"Bought DAI in an exchange, moved to MM and first thing i found out and used was PoolTogether, no-loss lottery and had my brain exploded, felt completely free, not dependent on anybody to do what i wanted with my money...just felt the future.","Understanding what happens behind the scenes in order to generate X yield, some turned pretty complex to understand...more education and explainers are needed across the space...remember we want to onboard new people which are probably not techie enough and from multiple geographies that want a smooth transition into Defi","Multiple positives ones - earning more money that Ive ever earned in trad finance, possibilities for everyone (no status games), awesome communities..","Love SNX, and the ecosystem that has generated, dHedge, Kwenta, the community..etc, I think great things are going to happen there.. and everything that is coming for the projects in L2..also like Aave, Anchor protocol  (Terra blockchain)",Why should be an Endgame?
2021/06/13 1:15:23 PM GMT+7,35-44 years,Belgium,1-2 years ago,Metamask;Trustwallet;Ledger;Coinbase,Ledger because it was deemed the safest,NA,1-2 years ago,Uniswap to swap tokens,"Understanding how Ethereum transactions work, gas settings, stuck and failed transactions","I accidentally sent ETH to a wrong address, found out whose address was it and contacted the owner. It was address of Dharma. They were kind enough to send me back my ETH!","Aave, compound, uniswap",To earn yield on my assets
2021/06/13 1:21:44 PM GMT+7,45-54 years,Germany,Within the last year,Metamask;Trustwallet;Ledger;Argent;Coinbase,"TRUSTWALLET, researched on www","Seed phrase, 2FA",Within the last year,Uniswap. Hyped at the time,1001 individual UI. UX from excellent to horrible.,Airdrop.,"Alchemix, Harvest,",What do you mean?
2021/06/13 3:08:21 PM GMT+7,25-34 years,United States of America,5 or more years ago,"Metamask;Ledger;Coinbase;xdefi, atomic wallet","bitcoin core, it was the only thing at the time, the next wallets I used were litecoin core and then electrum","Forgetting encryption passwords to archived wallet.dat files. Otherwise I enjoy my main wallets (xdefi and metamask for trading, atomic for medium term holding, and ledger nano x for long term holding)",1-2 years ago,"Metamask on brave browser, it was suggested as an install.","Gas fees, a temporary hurdle","air drops, rabbit holes of protocols/projects",stake.com if you could call that a defi app and xdefi/thorstarter in addition to the eth communities constant innovation,Destruction of the central banking cabal
2021/06/13 3:11:43 PM GMT+7,18-24 years,France,3-5 years ago,Metamask;Ledger;Argent,Metamask for sure as it's really convenient: you can use it on every Dapp and every EVM compatible chains.,To secure it is the painful part (seed). Also to protect you privacy. As a beginner you always make mistakes,1-2 years ago,Uniswap! To trade tokens and avoid CEX.,Generally this is not painful at all. UX/UI are really good in the space.,The airdrops for sure! It's always cool to be rewarded an you just use a protocol.,Aave is on of the best project in the space.,Everyone is bankless?
2021/06/13 3:43:50 PM GMT+7,25-34 years,United States of America,3-5 years ago,Metamask;Ledger;Argent;Coinbase,I chose the Ledger Wallet for security.,I think that an obstacle for many is the thought of securing seed phrases and you being your own fail safe in terms of security.,1-2 years ago,I think Uniswap or Kyber Swap may have been the first defi app that I used and at the time I was curious and wanted to experiment with the technology.,Gas fees on Ethereum.,The empowerment that comes with taking control of your own financial destiny and feeling like you are on the ground floor of experimenting with technology that will have a large impact on how we interact with money as a society.,Bancor,Financial freedom. Being able to deploy my assets as productively as possible without an intermediary.
2021/06/13 4:36:56 PM GMT+7,25-34 years,Czechia (Czech Republic),3-5 years ago,Metamask;Argent,"https://www.myetherwallet.com/ Apart from interacting with Coinbase first. It was the first one I came around, and someone provided me with a guide on how to use it, what is a private key, public key, and seed phrase. Once I understood Metamask and Argent, I was sold. These were much more user-friendly.","Apart from totally strange UI (different than mobile banking), it was the risks associated (maintaining it secure) and how to tackle them. 

Also, how to manage gas costs and e.g., what are the steps to send a transaction, deposit coins into a protocol, etc.",1-2 years ago,"Compound and Aave through Argent. Simple selection of an app and the action I wanted to perform. On top of that, it was free of gas and seemed there were no risks as it was all taken care of by the app (mobile banking-like experience, including bank security feeling).","Understanding gas costs, steps needed to interact with smart contracts through metamask and the associated risks, and how to handle them.",Retrospective airdrops and becoming a community member of various sorts :D,"Eth2 staking, Argent like wallets, DAOs",Becoming crypto self-sufficient :)
2021/06/13 4:58:50 PM GMT+7,35-44 years,France,Within the last year,Metamask;Ledger,"Metamask, following recommandations.",My lack of interest to understand better how it worked,Within the last year,"Tokensest, because I've been advised to start there.","Undertanding that I have to biuy ETH before using it, I was a real nob.",Realizing that I was placing investments by myself without any intermediary,"Aave, Cuurve,","Making living ati it and financial sovereignty,"
2021/06/13 5:10:29 PM GMT+7,18-24 years,United Kingdom,3-5 years ago,"Metamask;Trustwallet;Ledger;Argent;Trezor, ColdCard, rainbow wallet","Ledger, seemed to have best combination of security and good usability","They often don‚Äôt display information in the best way. For example, on my ledger I often have to click through many pages of hex strings that don‚Äôt mean anything to me, so things like that should either be removed or somehow converted to something more understandable so you would notice if there was something wrong in the transaction",1-2 years ago,"Maker, it was one of the few things out at the time and I just wanted to test it out","Risks aren‚Äôt always clearly presented or easy to work out, would be nice to see more transparency and warnings for this so all users are aware wha they‚Äôre getting into",Airdrops,Alchemix,"Not sure of a personal endgame, but I hope we see tradfi starting to integrate some DeFi products in the relatively near future to get the whole space moved on from being completely self-contained and overly reflexive. I suppose once that starts to happen it becomes much easier to rely entirely on DeFi for the majority of my day-to-day spending and saving, which I guess is my endgame"
2021/06/13 5:19:55 PM GMT+7,25-34 years,Czechia (Czech Republic),3-5 years ago,Metamask;Trustwallet;Ledger;Argent,"Exodus, great UX","cannot set gas price, bad ux",1-2 years ago,Uniswap. There were no other usable dexes,High gas,No kyc,"Alchemix, Aave",Freedom
2021/06/13 6:50:13 PM GMT+7,35-44 years,United States of America,3-5 years ago,Metamask;Trustwallet;Ledger,Metamask,Easy to access and use my funds,1-2 years ago,AAVE easy to understand,reading code,understand the potential of defi,all new projects,replace banks
2021/06/13 7:37:41 PM GMT+7,55-70 years,Turkey,3-5 years ago,Metamask,Metamask to get airdrops,No,3-5 years ago,"IDEX ,I liked DEFI idea.",IDEX was difficult but then last year Uniswap was not.,Airdrops,Uniswap,Trying to get better yields.
2021/06/13 7:57:40 PM GMT+7,25-34 years,United States of America,Within the last year,Metamask;Coinbase,Coinbase was the first so that I could acquire eth.,Wanting to make transfers when gas is inexpensive and not being able to figure out gas and gas fees and how to determine when it‚Äôs less or more expensive.,I have never used DeFi,Haven‚Äôt touched defi only acquiring crypto and POAPs this far.,Knowledge and the time required to learn what I need to be comfortable enough to give it a shot or even understand the benefit of getting into something like aave or uniswap. I have heard how these apps could be a tool for me to achieve my goals but just don‚Äôt know enough to jump in and understand it more.,NA,One that is easy and can provide income so I can grow my wealth.,Passive income mostly because I spend too much time elsewhere to actively play in defi. I want to take advantage of the tools out there that can help me grow my wealth.
2021/06/13 8:14:08 PM GMT+7,35-44 years,India,Within the last year,Metamask,Metamask,Unintuitive,Within the last year,"Uniswap, for exchanging coins, and for security",Gas fees,Unpredictability of gas fee and not possible to use for less tech savvy people. Aave and compund dapps simplified access of financial instruments to everybody,Aave,Matic platform in a way end the gas fees era.
2021/06/13 8:57:21 PM GMT+7,25-34 years,Spain,3-5 years ago,Metamask;Coinbase,Metamask. A friend of mine recommended it.,"I usually send all the Eth in a transaction, so i forget to leave some for gas. Its a simple but painful mistake.",I have never used DeFi,NA,NA,NA,NA,NA
2021/06/13 8:58:14 PM GMT+7,25-34 years,United Kingdom,3-5 years ago,Metamask,"Metamask, biggest name and most used",Safety,Within the last year,Uniswap safe name,Being worried about making a mistake,Gas Fees!,Furra combo,100 eth
2021/06/13 8:58:18 PM GMT+7,25-34 years,Germany,3-5 years ago,Metamask;Ledger,"Ledger, because it was recommended to me by a Youtuber I follow for about 4 years",I don‚Äôt experience any obstacles. I like the way it is with Ledger and Metamask,1-2 years ago,My first app was Uniswap to buy some altcoins,No doubt the Ethereum fees,The Uniswap airdrop was a pleasant surprise :),Uniswap,I hope that DeFi will be able to bring higher yields to those who are interested in using it. I think it might be a challenge to provide those yields in a bear market. It would be great to hear about people who use DeFi to buy real world assets with money they have borrowed for example. The yield right now is based mainly on the need for leverage of speculations. What will happen to those yields if the need for leverage drys up?
2021/06/13 9:14:40 PM GMT+7,35-44 years,Canada,5 or more years ago,Metamask;Ledger;Argent;Coinbase;Crypto.com DeFi wallet,Metamask - following online tutorials,"Understanding gas, gwei and gas limit on tx",Within the last year,Compound. Following a guide to earning with DAI.,Some failures with tx and front end UI bugs.,Airdrops :),Alpha homora,Self sovereignty and financial independence
2021/06/13 11:42:24 PM GMT+7,25-34 years,Peru,3-5 years ago,Metamask,NA,Not having enough money to justify putting them in anything but an exchange wallet.,3-5 years ago,"Metamask, because it was necessary in order to participate in an ICO",I don't have the money to justify using anything other than Metamask.,It didn't break.,"Sushiswap, Uniswap, Metamask, Solana, Polygon","Have a large portion of my investments rotating through early stage companies, funding the development of DAOs, and placing some savings into DeFi tools that produce high yield."
2021/06/14 1:31:40 AM GMT+7,25-34 years,Brazil,Within the last year,Metamask,"Metamask, I chose it after doing some research, it was the most reliable","1)Getting money into my wallet is not that easy Tbank -> binance (because it has a direct connection with Brazilian finance market) -> metamask
2) poor mobile experience",Within the last year,"Uniswap, most reliable",User interface is not that easy comparing with Traditional finance. It's to geeky,Good returns,Uniswap,I want to build my career in crypto and defi. I am going to move to US for it.
2021/06/14 2:10:32 AM GMT+7,25-34 years,United States of America,5 or more years ago,Metamask;Trustwallet;Coinbase,"I don't remember what my first wallet was, but metamask has been my default for years, with trust as a secondary that could support non eth assets",Mobile experience is almost always garbage,3-5 years ago,"Maker I think, because it was the only one out there that I knew of at the time",Gas fees that I can't pay because eth balance is too low. Being able to flashswap any token for gas fees would be a killer value add,retroactive airdrops for participating,Alchemix/Aave,maximizing time richness
2021/06/14 4:18:04 AM GMT+7,25-34 years,New Zealand,1-2 years ago,Metamask;Ledger;Coinbase,Coinbase - path of least resistance when I was first starting out.,"Very little pain with Coinbase, I still recommend them as a great starting point for new investors. Combo of Metamask and Ledger has frequent issues with signature pop-up often taking ages to appear on the ledger (or requiring multiple attempts to get it to pop-up) but I'm unwilling to sacrifice security for convenience.",Within the last year,Alpha Homora (I think?) - learned about it from a Bankless write-up and decided to have a go at using it.,"Two main issues I have are: 
1) prior mentioned issues with Metamask/Ledger combo (just makes everything takes longer than it should and I'm not a very patient person!), and
2) the gas fees associated with using DeFi apps on the Eth chain.",Yield farming is good fun (wasn't expecting it to be fun!),Uniswap or Aave probably,Using defi loan platforms to borrow against my crypto for liquidity rather than actually having to sell my position. #neversell
2021/06/14 6:35:30 AM GMT+7,35-44 years,Norway,3-5 years ago,Metamask;Ledger;Argent;Coinbase,"Coinbase, easy onramp",Understanding MM transaction hex,1-2 years ago,"Uni, easy to use",Calculating IP,Foregettin LP positions and find them by chance later,Uni,Bankless
2021/06/14 9:14:13 AM GMT+7,45-54 years,United States of America,Within the last year,Metamask;Ledger;Argent;dharma,opened the kraken wallet in 2012 with $25. Wanted to buy 10K worth of btc but my husband convinced me that it would be a bad idea.  We put it in some shit cannabis stock instead and promptly lost it all. He is still calculating what our $10K would be worth today.,nothing really,Within the last year,"uniswap of course, what else?",some are too complicated and it scares me away,contributed to the eth-aave liquidity pool on quickswap about a week ago and the earnings are beyond what I expected.,Alchemix although paying off a loan with yield sounds improbable. Staking rewards are decent through.,To be free of having to worry about money - just enough to live on without ever having to work again is all I want.
2021/06/14 10:09:26 AM GMT+7,25-34 years,Canada,Within the last year,Metamask;Ledger,"Metamask, for convenience and security, then linked with ledger","I've found it challenging to know when a transaction has successfully completed, as my wallet doesn't directly link me to etherscan",Within the last year,"Uniswap, because of the name recognition, history of security, and talk on defi podcasts","I find it hard to gauge a project's popularity, and legitimacy.","I feel like I'm a part of a community of people who are beginning to understand just how transformative DeFi will be, and that feels special",Aave,Slowly transition to become more bankless!
2021/06/14 10:46:58 AM GMT+7,25-34 years,Singapore,5 or more years ago,Metamask,Kraken,NA,Within the last year,PancakeSwap,It's ok. some could have better UX.,I made some money!,Can't name one,manage and increase my assets
2021/06/14 11:25:44 AM GMT+7,45-54 years,United States of America,5 or more years ago,Metamask,Originally hodl on coinbase exchange. Then discovered MetaMask and DeFi.,"Was initially scary to use. Slow, gas was confusing. Always worried I was going to mess something up.",Within the last year,"Uniswap. Used to swap Eth for Defi tokens.  Could argue that I used zapper first,  it only to browse.","Early on it‚Äôs not always clear what to do when you do not understand staking, LPs, etc. Some front ends are very sketchy looking (Curve).  Then the crazy high price of gas made any transaction not worth it. Thankfully that seems better now.",NA,NA,"I am trying to slowly accrue more Eth and blue chip Defi tokens.    My long term goal is for my crypto to supplement my retirement. I farm and LP (currently on polygon), but always with an eye to increasing Eth.  I expect somewhat soon to move some saving into stable coin pools instead of savinng account."
2021/06/14 11:26:52 AM GMT+7,35-44 years,Thailand,3-5 years ago,Metamask;Trustwallet;Ledger,Metamask - easy to install as an extension,Constantly scared I'd get my funds drained while connected to various websites.,Within the last year,THORChain - The community spoke to me. They are very welcoming and the UI was nice.,Too little documentation. They are also getting a bit more complicated now.,"Lending an asset, borrowing a stable and then buying more of the same asset is just crazy.",THORChain,Earning good APY on my assets.
2021/06/14 12:17:53 PM GMT+7,35-44 years,United States of America,3-5 years ago,Metamask;Ledger;ONTO Wallet,TRON wallet because it was the first ecosystem that I used.,Tracking wallet identities. Which one I use for which purpose.,1-2 years ago,"Uniswap. Fast, easy swapping of ETH tokens. Liquidity providing.",Usually documentation for new uses is poor. Onboarding experience isn't for the faint of heart.,Communities,Aave,Sustainable growth
2021/06/14 1:04:33 PM GMT+7,25-34 years,Slovenia,1-2 years ago,Metamask,Metamask most public known,Understanding first steps,Within the last year,"Uniswap, swap tokens",Understanding concepts,Positive - app working for you when you sleep,"aave, uniswap, sushiswap, thegraph, link",Replace a lot of existing financial services
2021/06/14 2:04:27 PM GMT+7,45-54 years,Spain,3-5 years ago,Metamask;Trustwallet;Ledger;Argent;Coinbase,Coinbase. It was associated to an airdrop and I had to open and used it to get the airdrop.,"Not intuitive at all. Not easy to understand possibilities, specially coming from cefi. No test mode. Hyper high fees. Complicated terminology (slippage, Gwei). Obliges me to invest lots of effort in learning.",1-2 years ago,"Sets. Easy concept, value proposal very useful (my sets rebalance my eth if there's a big drop).","Difficult concepts. Very high fees. Trial and error costs money. Fear of impermanent loss. Stablecoins returns seem (I can be wrong) lower than in cefi, and since they move, unclear if I incurr in opportunity cost.",Possibilities and future returns seem so incredible that despite difficulties it seems worth the effort to learn.,Anything that generates yield / returns with little risks,"Financial independence, both meaning enough wealth not to work anymore in something I can't choose and from Governments and their centralized financial institutions. The covid experience had made me more worried about my my privacy"
2021/06/14 2:05:04 PM GMT+7,45-54 years,United States of America,3-5 years ago,Metamask;Ledger;Coinbase;ShapeShift,"Coinbase, it was easiest to convert fiat","Having too many, and not trusting they are secure",Within the last year,Uniswap,Access to less known tokens; high gas fees,Was able to obtain less known tokens that increased in value before they reached a larger audience,N/A,Manage and increase my crypto holdings
2021/06/14 6:55:16 PM GMT+7,25-34 years,Japan,5 or more years ago,Metamask;Ledger;Coinbase;Trezor,Ledger because it was a popular community recommendation at the time.,Worrying my loved ones will not know how to access my assets should I pass away early.,1-2 years ago,Uniswap because it beat using a centralized exchange any day!,"Initially IL, recently gas to execute more complex actions. Though currently gas is a lovely 5 gwei! :)",Yearn is an absolute godsend verses figuring out strategies solo.,Alchemix,Generational wealth.
2021/06/14 7:19:53 PM GMT+7,35-44 years,Canada,1-2 years ago,"Metamask;Trustwallet;Ledger;Argent;Coinbase;Exodus, Yoroi","Ledger, security",Mobile integrations with wallet connect.,1-2 years ago,"Uniswap, just to try it out and learn",gas/transaction costs,Uniswap Airdrop,Uniswap,Transition to becoming entirely detached from TradFI
2021/06/14 7:42:52 PM GMT+7,25-34 years,United States of America,5 or more years ago,Metamask;Ledger;Argent;Coinbase,Coinbase - easy investing,"Sending and receiving funds, too many clicks, too technical and not enough ‚Äòsimplification‚Äô",Within the last year,Uniswap / to get a token! (I forget which),Lack of explanation/ simplicity- seemingly too risky,NA,Aave / Bal,Boost that APY
2021/06/14 8:07:30 PM GMT+7,18-24 years,United States of America,1-2 years ago,Metamask,Atomic Wallet had multi coin capability,Access to BSC on MetaMask mobile,Within the last year,Compound,Gas fees,0% APY,Liquity,Revolving line of credit increasing
2021/06/14 8:21:53 PM GMT+7,45-54 years,United States of America,5 or more years ago,Metamask;Ledger;Coinbase,Coinbase - ease of use in getting onboarded back in 2015,"I spread things between different wallets for different purposes (long-term holds, buys and fiat onramping, NFT holdings, etc). UI is getting better - no specific complaints on wallets generally.",Within the last year,Uniswap,Gas cost! You really have to be selective about when and what you're using due to high gas prices.,The UNI token drop was great and a complete surprise,Would like cheaper DEX options like Uniswap - haven't done anything beyond that,"Would like to be able to stake long-term to essentially earn interest/dividends on my base bag of ETH and potentially other tokens. I use Coinbase for ETH staking because it's fairly simple and, to be honest, trustworthy (I know, ""not your keys...""). However, they do have the brand, and so I feel more secure staking significant ETH balance there. Not ready to commit that size of a stake to something like AAVE yet."
2021/06/14 11:13:58 PM GMT+7,25-34 years,United States of America,3-5 years ago,Metamask,Metamask - because it's like Visa. It's everywhere you wanna be.,"It can be glitchy, it doesn't auto-add new tokens I own, it doesn't auto-hide tokens I no longer own",Within the last year,"It was one of the DEXes. After that, I think I experimented with Aave.","The UX for most was confusing AF at first. Nearly all defi apps could benefit from much more detailed explanations that explain what the protocol does and how exactly to use it. Uniswap is good at this with their dead simple swap feature. However, providing liquidity is not quite as straight forward, particularly with uni v3.",Yield Farming,Alchemix. Just took an alETH loan.,Build my investments large enough to live off defi yields
2021/06/15 12:06:05 AM GMT+7,25-34 years,United States of America,3-5 years ago,Metamask,"""Blockchain"" app, because it's the first thing I found, years ago.","Currently, using a hardware wallet paired with Metamask is challenging.",Within the last year,"Compound and Uniswap.  Start with the basics, recommended by a friend.",I haven't found any particular obstacles.,Using Polygon has sped up my 'feel' for defi as it has allowed me to execute many more transactions than I could on ETH L1.,AAVE,Intellectual pursuit + farming gains
2021/06/15 12:21:50 AM GMT+7,35-44 years,Russia,3-5 years ago,Metamask;Trustwallet;Ledger,Blockchain. It was connected to my mining rigs.,KYC,Within the last year,Don‚Äôt remember about app. It was used to swap tokens.,No pain,None,"Provider of liquidity, lawns",None
2021/06/15 12:46:02 AM GMT+7,18-24 years,United States of America,1-2 years ago,Metamask;Ledger;Coinbase,Metamask because I like that it was a chrome extension,I still think most wallets are way too confusing for the average user to trust with their finances,Within the last year,I used Uniswap to buy new tokens,DeFi apps require a huge learning curve which can sometimes be too expensive for first time users,Led me down a rabbit hole of using more DeFi apps,Uniswap V3,The bankless journey
2021/06/15 2:58:32 AM GMT+7,25-34 years,Canada,1-2 years ago,Metamask;Trustwallet;Ledger;Argent;Coinbase,metamask because it was for a browser extension. then trust for mobile first.,recovery phrases. adding assets. verifying compatibility.,1-2 years ago,radarrelay because it's a DEX.,Education,air drop,"matcha, uni, dydx",lambo
2021/06/15 3:15:11 AM GMT+7,25-34 years,United States of America,3-5 years ago,Metamask;Ledger,"Ledger, because I wanted a simple hardware wallet and it was the most popular at the time.",Most recently the update that made ledger difficult to use with chromium. In general it's a big tradeoff between security and how easy it is to access your wallets / store your keys/passwords/etc.,Within the last year,"Uniswap, I wanted to buy some altcoins that I had learned about on twitter.","There's so much to learn, it's rare that any of them teach you how to use them from the ground up. You almost always need understanding of other defi to learn, so getting going was pretty overwhelming.",Using DeFi is what ultimately led me to subscribe to bankless and get the $BANK airdrop! Also has lead to my involvement in a few DAOs.,"alchemix, spell","To be able to earn yield and take loans from my cryptocurrency, rather than needing to sell it to realize profits. Ie, to never sell."
2021/06/15 3:23:04 AM GMT+7,35-44 years,United States of America,Within the last year,Metamask;Coinbase,Coinbase - Chose it because other people recommended it,Understanding that transactions cost money.,Within the last year,AAVE- Recommended by bankless dao,Too much information,I learned more about how Defi works and how much more money i can earn,alchemix,wealth
2021/06/15 3:42:35 AM GMT+7,25-34 years,United States of America,1-2 years ago,Metamask;Coinbase,"Coinbase,I was told it was the easiest most secure. After my research I agreed.",NA,Within the last year,"Compound, it was part of the Coinbase earn program.","Technical knowledge, gas cost, poor internet being in a rural area.",NA,Uniswap,"To be able to be bankless, and a professional in onboarding others."
2021/06/15 4:54:11 AM GMT+7,25-34 years,United States of America,5 or more years ago,Metamask;Ledger;Argent;Trezor,My original wallet was a Ledger Nano S. I picked that one based on a recommendation from a friend,I haven't had an issues with any of the wallets I use,I have never used DeFi,"I've looked at several (compound, aave, uniswap)",Learning risk exposure and getting comfortable on different platforms. Gas fees when I looked were fairly prohibitive,Caused me to look around more and discover Bankless,Alchemix,getting comfortable enough to interact the same way I would w/ a traditional banking platform
2021/06/15 6:23:26 AM GMT+7,25-34 years,United States of America,3-5 years ago,Metamask;Ledger,Metamask,"Adding new tokens that don't automatically populate, fixing stuck transactions (e.g. resending over the existing nonce), ledger integration",1-2 years ago,"Incognito, investment",Understanding emission rates / tokenomics / swap fees,"Learning through use how powerful different tokenomic incentives can be, e.g. lockups","Ones that generate what feels emotionally like income (e.g. farming), even if I would have technically been better off just holding ETH","Short term, start a fund to help other people get exposure. Long term, complimentary system to the traditional finance world."
2021/06/15 7:50:26 AM GMT+7,25-34 years,United States of America,3-5 years ago,Metamask;Ledger;Argent;Coinbase,Metamask - came with Brave,Would love to use my Ledger X more but the setup process was excruciatingly slow.,1-2 years ago,The first app I used was Uniswap during a Coinbase Earn tutorial.,Using DeFi still requires a certain leap of faith that everything will function and you won't lose your money.,You won't find me complaining about the UNI drop but the real answer is just how much you can do and how quickly it happens. For now I can only get a collateralized loan but it takes under an hour and the network has no idea who I am. Someday soon a credit scoring scheme will allow that to expand to uncollateralized loans. I can earn a much higher yield on cash than I could from a bank and I don't have to prove anything about myself to do so.,Alchemix sounds pretty impressive.,Just that this pace of growth and adoptions continues until I am able to use crypto denominated financial products for major purchases like houses and cars.
2021/06/15 1:36:40 PM GMT+7,35-44 years,United States of America,Within the last year,Metamask;Coinbase,"MetaMask , Bankless Advertisement",No painful experience other than the lack of knowledge on how to use it first,Within the last year,AAVE growth price predication,AAVE price volatility,None,Any trustworthy DeFi app,Generate passive income and see a fair wealth distribution globally
