"Tweet id","Tweet permalink","Tweet text","time","impressions","engagements","engagement rate","retweets","replies","likes","user profile clicks","url clicks","hashtag clicks","detail expands","permalink clicks","app opens","app installs","follows","email tweet","dial phone","media views","media engagements","promoted impressions","promoted engagements","promoted engagement rate","promoted retweets","promoted replies","promoted likes","promoted user profile clicks","promoted url clicks","promoted hashtag clicks","promoted detail expands","promoted permalink clicks","promoted app opens","promoted app installs","promoted follows","promoted email tweet","promoted dial phone","promoted media views","promoted media engagements"
"1401975206315368459","https://twitter.com/banklessDAO/status/1401975206315368459","Sleep easy with $BED Index from the Bankless DAO üõå üò¥ üí§ 

This is a new revenue driver for the DAO and we couldn‚Äôt be more excited for the value it will provide the greater community. https://t.co/6gTNNrXAf6","2021-06-07 18:51 +0000","5.0","11.0","2.2","3.0","0.0","8.0","0.0","0.0","0.0","0.0","0.0","0","0","0","0","0","0","0","-","-","-","-","-","-","-","-","-","-","-","-","-","-","-","-","-","-"
"1401968065903054849","https://twitter.com/banklessDAO/status/1401968065903054849","Ok seriously, our tik tok is pretty üî•üî•üî•

https://t.co/K6QUFmQTEF","2021-06-07 18:23 +0000","0.0","3.0","Infinity","1.0","0.0","1.0","0.0","1.0","0.0","0.0","0.0","0","0","0","0","0","0","0","-","-","-","-","-","-","-","-","-","-","-","-","-","-","-","-","-","-"
"1401948744816508931","https://twitter.com/banklessDAO/status/1401948744816508931","Wow hey would ya look at that? 
BED = $BTC, $ETH, and $DPI https://t.co/6gTNNsfbDG","2021-06-07 17:06 +0000","1668.0","66.0","0.039568345323741004","4.0","1.0","31.0","4.0","0.0","0.0","26.0","0.0","0","0","0","0","0","0","0","-","-","-","-","-","-","-","-","-","-","-","-","-","-","-","-","-","-"
"1401691566834688006","https://twitter.com/banklessDAO/status/1401691566834688006","Wait until they hear about SCOAP https://t.co/VjW5LptsS4","2021-06-07 00:04 +0000","2923.0","73.0","0.02497434143003763","2.0","2.0","15.0","10.0","0.0","0.0","44.0","0.0","0","0","0","0","0","0","0","-","-","-","-","-","-","-","-","-","-","-","-","-","-","-","-","-","-"
"1401522363745832961","https://twitter.com/banklessDAO/status/1401522363745832961","Blooper reel: https://t.co/KcJS8dKeRd","2021-06-06 12:52 +0000","1324.0","18.0","0.013595166163141994","0.0","0.0","2.0","5.0","11.0","0.0","0.0","0.0","0","0","0","0","0","0","0","-","-","-","-","-","-","-","-","-","-","-","-","-","-","-","-","-","-"
"1401522362810572803","https://twitter.com/banklessDAO/status/1401522362810572803","Time to tear up Tik Tok. 
Blooper reel in the comments!
https://t.co/vdwx1D7Nbu","2021-06-06 12:52 +0000","1882.0","124.0","0.06588735387885228","3.0","1.0","7.0","12.0","70.0","0.0","31.0","0.0","0","0","0","0","0","0","0","-","-","-","-","-","-","-","-","-","-","-","-","-","-","-","-","-","-"
"1401339618361028614","https://twitter.com/banklessDAO/status/1401339618361028614","@RaoulG @paulapivat @BanklessChi @BanklessHQ @BanklessFR @BanklessSocal @BanklessATL @banklessnyc @BanklessRU @RyanSAdams @TrustlessState @0x_Lucas Enron be like https://t.co/GRbu8DRsZI","2021-06-06 00:46 +0000","274.0","15.0","0.05474452554744526","0.0","2.0","4.0","1.0","0.0","0.0","4.0","0.0","0","0","0","0","0","75","4","-","-","-","-","-","-","-","-","-","-","-","-","-","-","-","-","-","-"
"1401306641308471300","https://twitter.com/banklessDAO/status/1401306641308471300","We have a winner!! 

Congrats to @elijahkuhaupt for winning 500 $BANK!

Thank you to all for your participation - there will be more opportunities üëÄ https://t.co/ZeEPnbWVLx","2021-06-05 22:35 +0000","2595.0","58.0","0.022350674373795763","2.0","1.0","17.0","11.0","0.0","0.0","27.0","0.0","0","0","0","0","0","0","0","-","-","-","-","-","-","-","-","-","-","-","-","-","-","-","-","-","-"
"1401214633076310017","https://twitter.com/banklessDAO/status/1401214633076310017","Weekly Rollup #5 üëá It's a big one. 

https://t.co/zGAFvopTN3","2021-06-05 16:29 +0000","13900.0","222.0","0.015971223021582735","11.0","1.0","30.0","14.0","119.0","0.0","47.0","0.0","0","0","0","0","0","0","0","-","-","-","-","-","-","-","-","-","-","-","-","-","-","-","-","-","-"
"1401205381226020870","https://twitter.com/banklessDAO/status/1401205381226020870","@humptycalderon @travpreneur @BanklessHQ Welcome! Check out the wiki if you're interested in learning more.
https://t.co/kDbtxEZ0pP","2021-06-05 15:52 +0000","63.0","8.0","0.12698412698412698","0.0","1.0","2.0","1.0","1.0","0.0","3.0","0.0","0","0","0","0","0","0","0","-","-","-","-","-","-","-","-","-","-","-","-","-","-","-","-","-","-"
"1400964158657597446","https://twitter.com/banklessDAO/status/1400964158657597446","Coming back to the DAO Discord after being away for a few hours and trying to catch up on everything: https://t.co/ORRLFwWYyF","2021-06-04 23:54 +0000","2432.0","120.0","0.049342105263157895","2.0","2.0","55.0","11.0","2.0","0.0","38.0","0.0","0","0","0","0","0","635","10","-","-","-","-","-","-","-","-","-","-","-","-","-","-","-","-","-","-"
"1400912313490702338","https://twitter.com/banklessDAO/status/1400912313490702338","Special thank you to:

@0x_Lucas @wolfehr @frogmonkee @Elite_Clarity @Abv_Avg_Joe and many many others.","2021-06-04 20:28 +0000","1571.0","49.0","0.031190324633991087","2.0","0.0","12.0","24.0","0.0","0.0","11.0","0.0","0","0","0","0","0","0","0","-","-","-","-","-","-","-","-","-","-","-","-","-","-","-","-","-","-"
"1400912311376699392","https://twitter.com/banklessDAO/status/1400912311376699392","Wrapping it up https://t.co/yn745XNJty","2021-06-04 20:28 +0000","1732.0","78.0","0.04503464203233257","0.0","1.0","7.0","0.0","1.0","0.0","3.0","0.0","0","0","0","0","0","66","66","-","-","-","-","-","-","-","-","-","-","-","-","-","-","-","-","-","-"
"1400912307278938114","https://twitter.com/banklessDAO/status/1400912307278938114","Exploring governance frameworks and on-chain integration, like @nowdaoit @OrcaProtocol @joincolony @AragonProject https://t.co/fqAgXQ3WlD","2021-06-04 20:28 +0000","868.0","53.0","0.06105990783410138","0.0","1.0","12.0","10.0","0.0","0.0","9.0","0.0","0","0","0","0","0","21","21","-","-","-","-","-","-","-","-","-","-","-","-","-","-","-","-","-","-"
"1400912303009112064","https://twitter.com/banklessDAO/status/1400912303009112064","Grants committee. 5-7 community leaders similar to @AaveGrants @compoundgrants and @uniswapgrants https://t.co/2sDazgpRes","2021-06-04 20:28 +0000","665.0","29.0","0.04360902255639098","0.0","1.0","7.0","0.0","0.0","0.0","3.0","0.0","0","0","0","0","0","18","18","-","-","-","-","-","-","-","-","-","-","-","-","-","-","-","-","-","-"
"1400912295849381890","https://twitter.com/banklessDAO/status/1400912295849381890","Season 1 Priority: Revenue Streams https://t.co/xFXZxkeABa","2021-06-04 20:28 +0000","641.0","37.0","0.057722308892355696","0.0","2.0","5.0","0.0","1.0","0.0","4.0","0.0","0","0","0","0","0","25","25","-","-","-","-","-","-","-","-","-","-","-","-","-","-","-","-","-","-"
"1400912291713884164","https://twitter.com/banklessDAO/status/1400912291713884164","Season 1 Priority: Onboard Project 
PS. @AaveGrants üëÄ peep our submission https://t.co/udPGNo1A0r","2021-06-04 20:28 +0000","533.0","45.0","0.08442776735459662","0.0","1.0","7.0","0.0","0.0","0.0","3.0","0.0","0","0","0","0","0","34","34","-","-","-","-","-","-","-","-","-","-","-","-","-","-","-","-","-","-"
"1400912287938977793","https://twitter.com/banklessDAO/status/1400912287938977793","Got a project? Scope it out so you know what's needed to succeed. https://t.co/urBdVNh0oG","2021-06-04 20:28 +0000","489.0","34.0","0.06952965235173825","0.0","1.0","5.0","0.0","0.0","0.0","1.0","0.0","0","0","0","0","0","27","27","-","-","-","-","-","-","-","-","-","-","-","-","-","-","-","-","-","-"
"1400912283979505664","https://twitter.com/banklessDAO/status/1400912283979505664","Formalizing a workflow for requesting funding https://t.co/BQPmWD7AVM","2021-06-04 20:28 +0000","503.0","36.0","0.07157057654075547","0.0","1.0","5.0","0.0","1.0","0.0","0.0","0.0","0","0","0","0","0","29","29","-","-","-","-","-","-","-","-","-","-","-","-","-","-","-","-","-","-"
"1400912278443098114","https://twitter.com/banklessDAO/status/1400912278443098114","What are seasons and how do they operate? https://t.co/tmNnhcTS7k","2021-06-04 20:28 +0000","590.0","64.0","0.10847457627118644","0.0","1.0","5.0","1.0","1.0","0.0","4.0","0.0","0","0","0","0","0","52","52","-","-","-","-","-","-","-","-","-","-","-","-","-","-","-","-","-","-"
"1400912274496233472","https://twitter.com/banklessDAO/status/1400912274496233472","üö®SEASON 1 ALPHA üö® --&gt; Here's what you missed on the community call üëá https://t.co/JtsfkQ4zxJ","2021-06-04 20:28 +0000","3690.0","390.0","0.10569105691056911","11.0","1.0","32.0","21.0","1.0","0.0","228.0","0.0","0","0","0","0","0","96","96","-","-","-","-","-","-","-","-","-","-","-","-","-","-","-","-","-","-"
"1400907156933681154","https://twitter.com/banklessDAO/status/1400907156933681154","@DwanyeTheBlock @TrustlessState @RyanSAdams @BanklessHQ Nah, just send me 1 ETH and I'll send you 2 back. Trust me.","2021-06-04 20:07 +0000","40.0","5.0","0.125","0.0","1.0","0.0","2.0","0.0","0.0","2.0","0.0","0","0","0","0","0","0","0","-","-","-","-","-","-","-","-","-","-","-","-","-","-","-","-","-","-"
"1400906321554296835","https://twitter.com/banklessDAO/status/1400906321554296835","@DowlsSin @Elite_Clarity Shoot us a DM!","2021-06-04 20:04 +0000","29.0","3.0","0.10344827586206896","0.0","0.0","0.0","3.0","0.0","0.0","0.0","0.0","0","0","0","0","0","0","0","-","-","-","-","-","-","-","-","-","-","-","-","-","-","-","-","-","-"
"1400905309787353089","https://twitter.com/banklessDAO/status/1400905309787353089","@DwanyeTheBlock @TrustlessState @RyanSAdams @BanklessHQ I'd write you a recommendation letter.","2021-06-04 20:00 +0000","606.0","12.0","0.019801980198019802","1.0","1.0","8.0","2.0","0.0","0.0","0.0","0.0","0","0","0","0","0","0","0","-","-","-","-","-","-","-","-","-","-","-","-","-","-","-","-","-","-"
"1400889808650530816","https://twitter.com/banklessDAO/status/1400889808650530816","@cryptochad1337 You can swap on Uni and join the Discord. https://t.co/DE9k3QAwng","2021-06-04 18:58 +0000","108.0","5.0","0.046296296296296294","0.0","0.0","0.0","0.0","5.0","0.0","0.0","0.0","0","0","0","0","0","0","0","-","-","-","-","-","-","-","-","-","-","-","-","-","-","-","-","-","-"
"1400887573233369095","https://twitter.com/banklessDAO/status/1400887573233369095","@WellsFargo You guys make for a terrible pick up line.

@Cville_Family killing it with the memes. Competition soon??? üëÄ https://t.co/upSQ006MFh","2021-06-04 18:49 +0000","371.0","218.0","0.5876010781671159","1.0","0.0","2.0","13.0","0.0","0.0","45.0","0.0","0","0","0","0","0","247","157","-","-","-","-","-","-","-","-","-","-","-","-","-","-","-","-","-","-"
"1400867704916123652","https://twitter.com/banklessDAO/status/1400867704916123652","üö®$BANK GIVEAWAYüö®

DAO members:

Have a friend(s) who doesn‚Äôt know about Bankless DAO??

500 $BANK will be given at random to a member who tags a friend!

Be a good pal, help them #gobankless 

Ready, GO! üèÅ

https://t.co/ta7US5S8xY","2021-06-04 17:31 +0000","8771.0","472.0","0.05381370425265078","21.0","66.0","44.0","26.0","54.0","5.0","256.0","0.0","0","0","0","0","0","0","0","-","-","-","-","-","-","-","-","-","-","-","-","-","-","-","-","-","-"
"1400848150189969414","https://twitter.com/banklessDAO/status/1400848150189969414","Alpha üëÄ https://t.co/8Eipdnhgfn","2021-06-04 16:13 +0000","4231.0","489.0","0.1155755140628693","5.0","2.0","43.0","14.0","1.0","0.0","68.0","0.0","0","0","0","0","0","356","356","-","-","-","-","-","-","-","-","-","-","-","-","-","-","-","-","-","-"
"1400835683070070784","https://twitter.com/banklessDAO/status/1400835683070070784","Can't stop won't stop https://t.co/KL0rGubUDF","2021-06-04 15:23 +0000","3476.0","332.0","0.09551208285385501","7.0","1.0","29.0","3.0","1.0","0.0","29.0","0.0","0","0","0","0","0","262","262","-","-","-","-","-","-","-","-","-","-","-","-","-","-","-","-","-","-"
"1400803109736091650","https://twitter.com/banklessDAO/status/1400803109736091650","Community call is going to be üî• today. Drop in for some Season 1 Alpha ü§´ at 11am EDT (1h45m)!!!

https://t.co/EdmDihJdZq","2021-06-04 13:14 +0000","3645.0","114.0","0.031275720164609055","6.0","0.0","17.0","6.0","42.0","0.0","43.0","0.0","0","0","0","0","0","0","0","-","-","-","-","-","-","-","-","-","-","-","-","-","-","-","-","-","-"
"1400538413644890117","https://twitter.com/banklessDAO/status/1400538413644890117","@AFR_ToTheWorld Join Bankless DAO and create a Chapter!","2021-06-03 19:42 +0000","64.0","7.0","0.109375","0.0","0.0","1.0","1.0","0.0","0.0","5.0","0.0","0","0","0","0","0","0","0","-","-","-","-","-","-","-","-","-","-","-","-","-","-","-","-","-","-"
"1400537295774785536","https://twitter.com/banklessDAO/status/1400537295774785536","The Bankless DAO umbrella ‚òÇ covers the globe üåè. 

Local Chapters scattered throughout the entire world! ü§Ø

Doesn‚Äôt matter where you live - #gobankless https://t.co/UxIlvdCdtG","2021-06-03 19:38 +0000","2990.0","254.0","0.08494983277591973","4.0","3.0","24.0","12.0","0.0","1.0","41.0","0.0","0","0","0","0","0","169","169","-","-","-","-","-","-","-","-","-","-","-","-","-","-","-","-","-","-"
"1400479610941296646","https://twitter.com/banklessDAO/status/1400479610941296646","Guide: https://t.co/99RcvQ3WlY","2021-06-03 15:48 +0000","1625.0","75.0","0.046153846153846156","4.0","0.0","9.0","1.0","55.0","0.0","6.0","0.0","0","0","0","0","0","0","0","-","-","-","-","-","-","-","-","-","-","-","-","-","-","-","-","-","-"
"1400479609552916484","https://twitter.com/banklessDAO/status/1400479609552916484","370% APR? Where??? üëÄ
@PieDAO_DeFi is boosting their liquidity for DOUGH/ WETH and PLAY/DOUGH pools üåä You‚Äôve made $BANK, now go make some $DOUGH. üëá Guide in the comments.
https://t.co/0P58kShqk0","2021-06-03 15:48 +0000","2259.0","114.0","0.05046480743691899","6.0","1.0","19.0","4.0","33.0","0.0","51.0","0.0","0","0","0","0","0","0","0","-","-","-","-","-","-","-","-","-","-","-","-","-","-","-","-","-","-"
"1400458320385699840","https://twitter.com/banklessDAO/status/1400458320385699840","Time to MAKE $BANK. 

This is the 3rd üî• episode and tune in for a wrap up of Season 0 üéß,  what‚Äôs going on around the DAO, and an interview with @Elite_Clarity (EliteViking)!

üëá

https://t.co/p2uGOj1uo0","2021-06-03 14:24 +0000","1958.0","84.0","0.04290091930541369","6.0","3.0","12.0","10.0","26.0","0.0","27.0","0.0","0","0","0","0","0","0","0","-","-","-","-","-","-","-","-","-","-","-","-","-","-","-","-","-","-"
"1400431392668979202","https://twitter.com/banklessDAO/status/1400431392668979202","Mission, Vision, Values üóª

As the Bankless DAO continues to grow and move forward, it‚Äôs with these pillars in mind that keeps us in the right direction. 

Check them out here üëá

https://t.co/ta7US5S8xY","2021-06-03 12:37 +0000","1800.0","61.0","0.03388888888888889","5.0","0.0","18.0","3.0","20.0","0.0","15.0","0.0","0","0","0","0","0","0","0","-","-","-","-","-","-","-","-","-","-","-","-","-","-","-","-","-","-"
"1400408411360145408","https://twitter.com/banklessDAO/status/1400408411360145408","@philippsuarez Is it a MetaMask wallet?","2021-06-03 11:05 +0000","23.0","1.0","0.043478260869565216","0.0","1.0","0.0","0.0","0.0","0.0","0.0","0.0","0","0","0","0","0","0","0","-","-","-","-","-","-","-","-","-","-","-","-","-","-","-","-","-","-"
"1400262354919727104","https://twitter.com/banklessDAO/status/1400262354919727104","Well we know what .@RyanSAdams says about Bill.. 

If Bill‚Äôs joining Guilds, so can YOU üí™üèº‚öîÔ∏è https://t.co/cIfLlRi5Hp","2021-06-03 01:25 +0000","4068.0","33.0","0.008112094395280236","0.0","0.0","13.0","3.0","0.0","0.0","17.0","0.0","0","0","0","0","0","0","0","-","-","-","-","-","-","-","-","-","-","-","-","-","-","-","-","-","-"
"1400253120878350339","https://twitter.com/banklessDAO/status/1400253120878350339","Finding a Guild ‚öîÔ∏è is a start. 

But there are plenty of projects üöß going on within the Guilds &amp; ones with multiple Guild involvement. 

Here‚Äôs a page within Notion that breaks down current projects &amp; can help pinpoint where you want to contribute üõ†.

https://t.co/bZDuLgHj0K","2021-06-03 00:48 +0000","3703.0","111.0","0.029975695382122605","4.0","0.0","16.0","7.0","51.0","0.0","33.0","0.0","0","0","0","0","0","0","0","-","-","-","-","-","-","-","-","-","-","-","-","-","-","-","-","-","-"
"1400134364923584519","https://twitter.com/banklessDAO/status/1400134364923584519","Bad time to be a bank üè¶, great time to be $BANK. https://t.co/Azvumdstlc","2021-06-02 16:57 +0000","2411.0","30.0","0.01244296972210701","3.0","0.0","12.0","4.0","0.0","0.0","11.0","0.0","0","0","0","0","0","0","0","-","-","-","-","-","-","-","-","-","-","-","-","-","-","-","-","-","-"
"1400119501312647170","https://twitter.com/banklessDAO/status/1400119501312647170","@staringispolite @JasonHitchcock DMs should be open now!","2021-06-02 15:57 +0000","61.0","6.0","0.09836065573770492","0.0","1.0","1.0","0.0","0.0","0.0","4.0","0.0","0","0","0","0","0","0","0","-","-","-","-","-","-","-","-","-","-","-","-","-","-","-","-","-","-"
"1400119234101981185","https://twitter.com/banklessDAO/status/1400119234101981185","@Antipest0x üòÇ","2021-06-02 15:56 +0000","109.0","5.0","0.045871559633027525","0.0","0.0","3.0","1.0","0.0","0.0","1.0","0.0","0","0","0","0","0","0","0","-","-","-","-","-","-","-","-","-","-","-","-","-","-","-","-","-","-"
"1400113156215746560","https://twitter.com/banklessDAO/status/1400113156215746560","@RoninImperial Plenty to contribute to! Looking forward to your help üí™üèº","2021-06-02 15:32 +0000","92.0","4.0","0.043478260869565216","0.0","1.0","1.0","1.0","0.0","0.0","1.0","0.0","0","0","0","0","0","0","0","-","-","-","-","-","-","-","-","-","-","-","-","-","-","-","-","-","-"
"1400110500877197312","https://twitter.com/banklessDAO/status/1400110500877197312","üîî$BANK Airdrop #2 is LIVE! If you have a 2020/2021 POAP badge, claim your tokens ü™ô

https://t.co/Hw7asCm8EW","2021-06-02 15:22 +0000","4385.0","441.0","0.10057012542759407","11.0","8.0","30.0","16.0","232.0","0.0","144.0","0.0","0","0","0","0","0","0","0","-","-","-","-","-","-","-","-","-","-","-","-","-","-","-","-","-","-"
"1400102086327611395","https://twitter.com/banklessDAO/status/1400102086327611395","As we are winding down with Season 0, and begin the transition into Season 1, what are YOU most excited about??

Let us know! üéÜüëá","2021-06-02 14:48 +0000","3084.0","143.0","0.04636835278858625","2.0","6.0","22.0","17.0","0.0","0.0","96.0","0.0","0","0","0","0","0","0","0","-","-","-","-","-","-","-","-","-","-","-","-","-","-","-","-","-","-"
"1400061297455161345","https://twitter.com/banklessDAO/status/1400061297455161345","It can be challenging to remember when meetings are happening, along with everything else going on in the DAO, as well as your personal life. 

Have them sync to your personal calendar üóì and never stress of missing a meeting!

https://t.co/SU2DaqDxN1","2021-06-02 12:06 +0000","1644.0","57.0","0.03467153284671533","3.0","0.0","7.0","2.0","30.0","0.0","15.0","0.0","0","0","0","0","0","0","0","-","-","-","-","-","-","-","-","-","-","-","-","-","-","-","-","-","-"
"1399859089803419650","https://twitter.com/banklessDAO/status/1399859089803419650","Who can help perpetuate crypto culture with Bankless DAO?

Tag an NFT artist we should be working with üëÄ","2021-06-01 22:43 +0000","30688.0","725.0","0.023624869655891553","12.0","37.0","79.0","140.0","0.0","0.0","457.0","0.0","0","0","0","0","0","0","0","-","-","-","-","-","-","-","-","-","-","-","-","-","-","-","-","-","-"
"1399848344147660803","https://twitter.com/banklessDAO/status/1399848344147660803","The Bankless DAO is comprised of multiple Guilds - but what‚Äôs a Guild?

Check it out, join one, and contribute! 

Or, propose for the formation of a new Guild that you feel this DAO needs ‚öîÔ∏è. 

https://t.co/teqG8r6oz0","2021-06-01 22:00 +0000","1683.0","65.0","0.038621509209744505","0.0","0.0","6.0","13.0","35.0","0.0","11.0","0.0","0","0","0","0","0","0","0","-","-","-","-","-","-","-","-","-","-","-","-","-","-","-","-","-","-"
"1399815860726878208","https://twitter.com/banklessDAO/status/1399815860726878208","To clarify, this is just a proposed method!","2021-06-01 19:51 +0000","1900.0","32.0","0.016842105263157894","0.0","0.0","11.0","5.0","0.0","0.0","13.0","0.0","0","0","0","0","0","3","3","-","-","-","-","-","-","-","-","-","-","-","-","-","-","-","-","-","-"
"1399804241997402113","https://twitter.com/banklessDAO/status/1399804241997402113","For anyone trying to wrap their heads around the Bankless DAO‚Äôs token, $BANK, look no further: 

This üî• chart created by .@0xMamer simplifies it perfectly. https://t.co/EGJed3TMZ5","2021-06-01 19:05 +0000","6416.0","723.0","0.11268703241895262","10.0","2.0","54.0","47.0","2.0","0.0","129.0","0.0","0","0","0","0","0","479","479","-","-","-","-","-","-","-","-","-","-","-","-","-","-","-","-","-","-"
"1399737740275728384","https://twitter.com/banklessDAO/status/1399737740275728384","For most, DAOs can be quite daunting at first.

We‚Äôre moving fast, &amp; for newcomers it can be difficult to latch on and get involved. 

We want to ensure everyone knows where to go for any questions!

How about a ‚ÄúGetting Started Cheat Sheet‚Äù?? 

üëá

https://t.co/1kOpespUfa","2021-06-01 14:40 +0000","35248.0","498.0","0.014128461189287336","9.0","0.0","38.0","35.0","232.0","0.0","184.0","0.0","0","0","0","0","0","0","0","-","-","-","-","-","-","-","-","-","-","-","-","-","-","-","-","-","-"
"1399555824880525315","https://twitter.com/banklessDAO/status/1399555824880525315","If you listen closely, you can hear the DAO evolving.","2021-06-01 02:38 +0000","3914.0","102.0","0.026060296371997957","4.0","1.0","45.0","21.0","0.0","0.0","31.0","0.0","0","0","0","0","0","0","0","-","-","-","-","-","-","-","-","-","-","-","-","-","-","-","-","-","-"
"1399517631309180930","https://twitter.com/banklessDAO/status/1399517631309180930","@tradetherapist @wongisrite @BanklessHQ Resale market now. Limited supply","2021-06-01 00:06 +0000","104.0","7.0","0.0673076923076923","0.0","0.0","1.0","1.0","0.0","0.0","5.0","0.0","0","0","0","0","0","0","0","-","-","-","-","-","-","-","-","-","-","-","-","-","-","-","-","-","-"
"1399479913632182275","https://twitter.com/banklessDAO/status/1399479913632182275","üö®UPDATE üö®

The winner will now receive 1,000 BANK! 

And who knows, this could keep getting higher üëÄ

Show us what you got! https://t.co/fxM0UPA6eC","2021-05-31 21:36 +0000","2962.0","67.0","0.02261985145172181","2.0","2.0","11.0","6.0","0.0","0.0","46.0","0.0","0","0","0","0","0","0","0","-","-","-","-","-","-","-","-","-","-","-","-","-","-","-","-","-","-"
"1399451421351759872","https://twitter.com/banklessDAO/status/1399451421351759872","@district0x Appreciate the love you're throwing our way üòò","2021-05-31 19:43 +0000","1489.0","33.0","0.02216252518468771","1.0","2.0","10.0","11.0","0.0","0.0","9.0","0.0","0","0","0","0","0","0","0","-","-","-","-","-","-","-","-","-","-","-","-","-","-","-","-","-","-"
"1399440284984004608","https://twitter.com/banklessDAO/status/1399440284984004608","I‚Äôm verifying my Twitter account with @rariblecom. Check out my profile:  https://t.co/6QNKMVUVVg","2021-05-31 18:58 +0000","1920.0","56.0","0.029166666666666667","0.0","0.0","5.0","12.0","20.0","0.0","19.0","0.0","0","0","0","0","0","0","0","-","-","-","-","-","-","-","-","-","-","-","-","-","-","-","-","-","-"
"1399433816792453122","https://twitter.com/banklessDAO/status/1399433816792453122","I‚Äôm verifying my Twitter account with @rariblecom. Check out my profile:  https://t.co/6QNKMVDkwG","2021-05-31 18:33 +0000","3952.0","190.0","0.04807692307692308","0.0","1.0","28.0","25.0","77.0","0.0","59.0","0.0","0","0","0","0","0","0","0","-","-","-","-","-","-","-","-","-","-","-","-","-","-","-","-","-","-"
"1399414498008702977","https://twitter.com/banklessDAO/status/1399414498008702977","@rippyfied @pet3rpan_ We're hoping to have a formal proposal for the season 1 roadmap by this Friday!","2021-05-31 17:16 +0000","274.0","9.0","0.032846715328467155","0.0","1.0","3.0","0.0","0.0","0.0","5.0","0.0","0","0","0","0","0","0","0","-","-","-","-","-","-","-","-","-","-","-","-","-","-","-","-","-","-"
"1399388240319295492","https://twitter.com/banklessDAO/status/1399388240319295492","@ultrasoundEdik Try this! Let us know if it works. 

https://t.co/8LXWnZlBZG","2021-05-31 15:32 +0000","106.0","20.0","0.18867924528301888","0.0","1.0","0.0","1.0","15.0","0.0","3.0","0.0","0","0","0","0","0","0","0","-","-","-","-","-","-","-","-","-","-","-","-","-","-","-","-","-","-"
"1399376533404409862","https://twitter.com/banklessDAO/status/1399376533404409862","@ultrasoundEdik Do you have a Discord account?","2021-05-31 14:45 +0000","193.0","8.0","0.04145077720207254","0.0","1.0","0.0","1.0","0.0","0.0","6.0","0.0","0","0","0","0","0","0","0","-","-","-","-","-","-","-","-","-","-","-","-","-","-","-","-","-","-"
"1399372823425081347","https://twitter.com/banklessDAO/status/1399372823425081347","CONTEST TIME üó£

To kick off the start of the DAO‚Äôs SEASON 1 this week, we are launching a POAP design contest üé®! 

The winner will receive 500 + (?) BANK as well as a temporary Guest Pass to the DAO! 

Anyone can participate! 

Details here! üëá

https://t.co/4PQTmr1uDu","2021-05-31 14:30 +0000","9385.0","308.0","0.032818327117741075","13.0","1.0","24.0","16.0","96.0","0.0","158.0","0.0","0","0","0","0","0","0","0","-","-","-","-","-","-","-","-","-","-","-","-","-","-","-","-","-","-"
"1399201811827810309","https://twitter.com/banklessDAO/status/1399201811827810309","@luke_spotlong @McDermittMarvel The Marvel üíØüíØüíØ","2021-05-31 03:11 +0000","185.0","4.0","0.021621621621621623","1.0","0.0","2.0","0.0","0.0","0.0","1.0","0.0","0","0","0","0","0","0","0","-","-","-","-","-","-","-","-","-","-","-","-","-","-","-","-","-","-"
"1399198829929385992","https://twitter.com/banklessDAO/status/1399198829929385992","üëï ‚úÖ https://t.co/BlyWFcXFG5","2021-05-31 02:59 +0000","5408.0","65.0","0.01201923076923077","3.0","1.0","19.0","10.0","0.0","0.0","32.0","0.0","0","0","0","0","0","0","0","-","-","-","-","-","-","-","-","-","-","-","-","-","-","-","-","-","-"
"1399134705396633600","https://twitter.com/banklessDAO/status/1399134705396633600","Damn, my heart rate was elevated after being a part of that impromptu community call just now...","2021-05-30 22:44 +0000","3095.0","137.0","0.04426494345718902","0.0","1.0","18.0","32.0","0.0","0.0","86.0","0.0","0","0","0","0","0","0","0","-","-","-","-","-","-","-","-","-","-","-","-","-","-","-","-","-","-"
"1398992957290823680","https://twitter.com/banklessDAO/status/1398992957290823680","@thycommodore @steernorbear But yeah, I suppose the ""no holidays or weekends"" line does make it sound like toxic startup hustle culture. Definitely not intended. Family/health first. DAOs are not a job.","2021-05-30 13:21 +0000","87.0","5.0","0.05747126436781609","0.0","1.0","1.0","0.0","0.0","0.0","3.0","0.0","0","0","0","0","0","0","0","-","-","-","-","-","-","-","-","-","-","-","-","-","-","-","-","-","-"
"1398992478603198464","https://twitter.com/banklessDAO/status/1398992478603198464","@thycommodore @steernorbear Hm, I don't read the tweet as claiming ownership or profits by exploiting labor.

More so that because DAOs support permissionless action, there's always activity when people have the time to contribute.","2021-05-30 13:19 +0000","44.0","0.0","0.0","0.0","0.0","0.0","0.0","0.0","0.0","0.0","0.0","0","0","0","0","0","0","0","-","-","-","-","-","-","-","-","-","-","-","-","-","-","-","-","-","-"
"1398826663786344450","https://twitter.com/banklessDAO/status/1398826663786344450","@dana_marlane @hexidethmal @zerohedge @drakefjustin Wants other people to do the research for her

Not gonna make it","2021-05-30 02:20 +0000","52.0","7.0","0.1346153846153846","0.0","1.0","2.0","1.0","0.0","0.0","3.0","0.0","0","0","0","0","0","0","0","-","-","-","-","-","-","-","-","-","-","-","-","-","-","-","-","-","-"
"1398821694408593411","https://twitter.com/banklessDAO/status/1398821694408593411","Guest Passes (Level 0) for the Bankless DAO are now available ‚úÖ

We are building  the foundation for the future of crypto culture and beyond. The opportunities you choose to take are up to you. 

ü¶∫ Let‚Äôs build 

üó£ https://t.co/EdmDihJdZq
üìñ https://t.co/CJ5OJ10Qnc https://t.co/VBdTEDZdKG","2021-05-30 02:00 +0000","2378.0","146.0","0.061396131202691336","2.0","1.0","22.0","3.0","40.0","0.0","34.0","0.0","0","0","0","0","0","44","44","-","-","-","-","-","-","-","-","-","-","-","-","-","-","-","-","-","-"
"1398820216692346881","https://twitter.com/banklessDAO/status/1398820216692346881","Underperforming? Where? https://t.co/vaewd2Qicj https://t.co/l8Nd32LzbX","2021-05-30 01:55 +0000","6681.0","677.0","0.10133213590779823","2.0","4.0","30.0","9.0","1.0","0.0","86.0","0.0","0","0","0","0","0","545","545","-","-","-","-","-","-","-","-","-","-","-","-","-","-","-","-","-","-"
"1398703516311564289","https://twitter.com/banklessDAO/status/1398703516311564289","@Church_0x Had that line queued up üòÇ","2021-05-29 18:11 +0000","111.0","1.0","0.009009009009009009","0.0","0.0","1.0","0.0","0.0","0.0","0.0","0.0","0","0","0","0","0","0","0","-","-","-","-","-","-","-","-","-","-","-","-","-","-","-","-","-","-"
"1398677421830901762","https://twitter.com/banklessDAO/status/1398677421830901762","@Diego_Torres_ https://t.co/iFNeoc4byP","2021-05-29 16:27 +0000","331.0","7.0","0.021148036253776436","0.0","0.0","2.0","0.0","0.0","0.0","3.0","0.0","0","0","0","0","0","55","2","-","-","-","-","-","-","-","-","-","-","-","-","-","-","-","-","-","-"
"1398673464807104519","https://twitter.com/banklessDAO/status/1398673464807104519","@lml_lan @RoninImperial Bank is still just a governance token. We've been experimenting with using it as a medium of exchange, but it's not really ready to be listed as money, yet. https://t.co/KGf1yl7TTf","2021-05-29 16:11 +0000","50.0","5.0","0.1","0.0","1.0","1.0","0.0","0.0","0.0","2.0","0.0","0","0","0","0","0","13","1","-","-","-","-","-","-","-","-","-","-","-","-","-","-","-","-","-","-"
"1398663630611177481","https://twitter.com/banklessDAO/status/1398663630611177481","What‚Äôs an advantage of a DAO? 

There‚Äôs no stopping. With a global workforce, work continues to get done - no holiday or weekend puts a hault to this engine üí™üèº","2021-05-29 15:32 +0000","15520.0","263.0","0.016945876288659793","18.0","5.0","68.0","34.0","0.0","0.0","138.0","0.0","0","0","0","0","0","0","0","-","-","-","-","-","-","-","-","-","-","-","-","-","-","-","-","-","-"
"1398635118852444165","https://twitter.com/banklessDAO/status/1398635118852444165","Got cool shit you want to build? Join BanklessDAO https://t.co/T6nbfDNDxF","2021-05-29 13:39 +0000","3008.0","198.0","0.06582446808510638","3.0","1.0","29.0","19.0","0.0","0.0","28.0","0.0","0","0","0","0","0","118","118","-","-","-","-","-","-","-","-","-","-","-","-","-","-","-","-","-","-"
"1398432676885917697","https://twitter.com/banklessDAO/status/1398432676885917697","Newsletter is out for week 4! Catch up on what all the ‚öîÔ∏èGuilds have been up to.

https://t.co/chKVcbqJcu","2021-05-29 00:15 +0000","3979.0","141.0","0.03543603920583061","9.0","1.0","25.0","6.0","68.0","0.0","32.0","0.0","0","0","0","0","0","0","0","-","-","-","-","-","-","-","-","-","-","-","-","-","-","-","-","-","-"
"1398411484905066503","https://twitter.com/banklessDAO/status/1398411484905066503","@RyanSAdams BanklessDAO","2021-05-28 22:50 +0000","3237.0","70.0","0.02162496138399753","3.0","0.0","24.0","22.0","0.0","0.0","21.0","0.0","0","0","0","0","0","0","0","-","-","-","-","-","-","-","-","-","-","-","-","-","-","-","-","-","-"
"1398358495678943232","https://twitter.com/banklessDAO/status/1398358495678943232","Iconic https://t.co/3VCYDryqfR","2021-05-28 19:20 +0000","2390.0","19.0","0.007949790794979079","1.0","0.0","3.0","1.0","0.0","0.0","14.0","0.0","0","0","0","0","0","0","0","-","-","-","-","-","-","-","-","-","-","-","-","-","-","-","-","-","-"
"1398353964203008000","https://twitter.com/banklessDAO/status/1398353964203008000","Notes are up if you missed it!
https://t.co/mpjHvp6HzQ https://t.co/3zGgCOX5i1","2021-05-28 19:02 +0000","1782.0","25.0","0.014029180695847363","0.0","0.0","1.0","0.0","17.0","0.0","7.0","0.0","0","0","0","0","0","0","0","-","-","-","-","-","-","-","-","-","-","-","-","-","-","-","-","-","-"
"1398353913875558401","https://twitter.com/banklessDAO/status/1398353913875558401","@RoninImperial Check it https://t.co/mpjHvp6HzQ","2021-05-28 19:02 +0000","43.0","12.0","0.27906976744186046","0.0","0.0","2.0","2.0","8.0","0.0","0.0","0.0","0","0","0","0","0","0","0","-","-","-","-","-","-","-","-","-","-","-","-","-","-","-","-","-","-"
"1398339697269788677","https://twitter.com/banklessDAO/status/1398339697269788677","@FFAF_01 Soon, we promise. Working on an MVP for onboarding media modes and affiliate networks!","2021-05-28 18:05 +0000","44.0","3.0","0.06818181818181818","0.0","1.0","1.0","1.0","0.0","0.0","0.0","0.0","0","0","0","0","0","0","0","-","-","-","-","-","-","-","-","-","-","-","-","-","-","-","-","-","-"
"1398318475383394307","https://twitter.com/banklessDAO/status/1398318475383394307","We are CHUGGING üöÇ

The energy, productivity, ideas.

Get on board now y‚Äôall.","2021-05-28 16:41 +0000","2869.0","79.0","0.02753572673405368","5.0","3.0","30.0","6.0","0.0","0.0","35.0","0.0","0","0","0","0","0","0","0","-","-","-","-","-","-","-","-","-","-","-","-","-","-","-","-","-","-"
"1398309928360546306","https://twitter.com/banklessDAO/status/1398309928360546306","Community calls are for üí©posting, right @TrustlessState? https://t.co/Kgm2Mxg1YI","2021-05-28 16:07 +0000","21392.0","1376.0","0.0643231114435303","12.0","8.0","58.0","74.0","2.0","0.0","214.0","0.0","0","0","0","0","0","3876","1008","-","-","-","-","-","-","-","-","-","-","-","-","-","-","-","-","-","-"
"1398302231464603653","https://twitter.com/banklessDAO/status/1398302231464603653","üìà number go up https://t.co/RTj0BnQtsi","2021-05-28 15:36 +0000","1485.0","31.0","0.020875420875420877","0.0","0.0","3.0","1.0","8.0","0.0","5.0","0.0","0","0","0","0","0","14","14","-","-","-","-","-","-","-","-","-","-","-","-","-","-","-","-","-","-"
"1398301123442843649","https://twitter.com/banklessDAO/status/1398301123442843649","Our Design Guild has big things in store.

üî•üî•üî•

Stay tuned!","2021-05-28 15:32 +0000","1964.0","41.0","0.020875763747454174","2.0","0.0","12.0","7.0","0.0","0.0","20.0","0.0","0","0","0","0","0","0","0","-","-","-","-","-","-","-","-","-","-","-","-","-","-","-","-","-","-"
"1398300151827996673","https://twitter.com/banklessDAO/status/1398300151827996673","üëÄ üëÄ üëÄ https://t.co/ewCXQ8oXd7","2021-05-28 15:28 +0000","13776.0","66.0","0.004790940766550522","3.0","1.0","16.0","13.0","0.0","0.0","33.0","0.0","0","0","0","0","0","0","0","-","-","-","-","-","-","-","-","-","-","-","-","-","-","-","-","-","-"
"1398295714795511810","https://twitter.com/banklessDAO/status/1398295714795511810","Third week in a row over 100 in attendance. This is the standard now. https://t.co/3zGgCOFuqt https://t.co/UH3aG1K1u1","2021-05-28 15:10 +0000","21215.0","690.0","0.03252415743577657","3.0","1.0","39.0","42.0","0.0","0.0","79.0","0.0","0","0","0","0","0","526","526","-","-","-","-","-","-","-","-","-","-","-","-","-","-","-","-","-","-"
"1398293943322808327","https://twitter.com/banklessDAO/status/1398293943322808327","We are LIVE!","2021-05-28 15:03 +0000","29529.0","199.0","0.006739137796742185","4.0","1.0","23.0","72.0","0.0","0.0","99.0","0.0","0","0","0","0","0","0","0","-","-","-","-","-","-","-","-","-","-","-","-","-","-","-","-","-","-"
"1398289586183237639","https://twitter.com/banklessDAO/status/1398289586183237639","Community Call #3 in 15 minutes! ‚è∞
Also I totally almost screwed up the POAPs, but we gucci üòé","2021-05-28 14:46 +0000","2983.0","70.0","0.023466309084813945","2.0","1.0","7.0","16.0","0.0","0.0","44.0","0.0","0","0","0","0","0","0","0","-","-","-","-","-","-","-","-","-","-","-","-","-","-","-","-","-","-"
"1398263378271997959","https://twitter.com/banklessDAO/status/1398263378271997959","Community Call day üìû

Under 2 hours!

Hop in, and get the most recent updates of the DAO! https://t.co/LO8Rr3RZYf","2021-05-28 13:02 +0000","2217.0","67.0","0.030221019395579612","1.0","0.0","13.0","12.0","0.0","0.0","31.0","0.0","0","0","0","0","0","479","10","-","-","-","-","-","-","-","-","-","-","-","-","-","-","-","-","-","-"
"1398106131197837312","https://twitter.com/banklessDAO/status/1398106131197837312","We're coming. https://t.co/rBLPa3ruxb","2021-05-28 02:37 +0000","2191.0","161.0","0.07348242811501597","1.0","0.0","14.0","8.0","1.0","0.0","21.0","0.0","0","0","0","0","0","116","116","-","-","-","-","-","-","-","-","-","-","-","-","-","-","-","-","-","-"
"1397993048869642246","https://twitter.com/banklessDAO/status/1397993048869642246","‚ÄúIt‚Äôs not about money or connection, it‚Äôs the willingness to outwork and outlearn everyone.‚Äù - Mark Cuban

Keep putting in that work! üí™üèº https://t.co/1DdmuOkeWe","2021-05-27 19:08 +0000","2395.0","38.0","0.015866388308977037","4.0","0.0","16.0","3.0","0.0","0.0","15.0","0.0","0","0","0","0","0","0","0","-","-","-","-","-","-","-","-","-","-","-","-","-","-","-","-","-","-"
"1397954052013498371","https://twitter.com/banklessDAO/status/1397954052013498371","BanklessDAO London chapter our for a brew üçª https://t.co/bWLr8s5Moh","2021-05-27 16:33 +0000","3018.0","482.0","0.1597084161696488","3.0","0.0","39.0","15.0","0.0","0.0","60.0","0.0","0","0","0","0","0","365","365","-","-","-","-","-","-","-","-","-","-","-","-","-","-","-","-","-","-"
"1397945316968595462","https://twitter.com/banklessDAO/status/1397945316968595462","DAO to DAO cross pollination  üêù https://t.co/xH8CEBTkpj","2021-05-27 15:58 +0000","1964.0","38.0","0.019348268839103868","1.0","0.0","15.0","8.0","0.0","0.0","14.0","0.0","0","0","0","0","0","0","0","-","-","-","-","-","-","-","-","-","-","-","-","-","-","-","-","-","-"
"1397913529718431750","https://twitter.com/banklessDAO/status/1397913529718431750","Who has been your favorite speaker (besides of course @TrustlessState) at Consensus 2021, and why?

Tell us what you‚Äôre excited about! üëá","2021-05-27 13:52 +0000","12864.0","201.0","0.015625","2.0","4.0","20.0","30.0","0.0","0.0","145.0","0.0","0","0","0","0","0","0","0","-","-","-","-","-","-","-","-","-","-","-","-","-","-","-","-","-","-"
"1397746669157036034","https://twitter.com/banklessDAO/status/1397746669157036034","This will be so good üî• https://t.co/TiPUZnlQmC","2021-05-27 02:49 +0000","2416.0","35.0","0.014486754966887417","1.0","0.0","14.0","4.0","0.0","0.0","16.0","0.0","0","0","0","0","0","0","0","-","-","-","-","-","-","-","-","-","-","-","-","-","-","-","-","-","-"
"1397684748697411586","https://twitter.com/banklessDAO/status/1397684748697411586","@WPMonty Discourse stats. Oops","2021-05-26 22:43 +0000","66.0","3.0","0.045454545454545456","0.0","0.0","1.0","0.0","0.0","0.0","2.0","0.0","0","0","0","0","0","0","0","-","-","-","-","-","-","-","-","-","-","-","-","-","-","-","-","-","-"
"1397639449480151042","https://twitter.com/banklessDAO/status/1397639449480151042","üöÑ https://t.co/ieoBgLrTa1","2021-05-26 19:43 +0000","2133.0","248.0","0.11626816690107829","2.0","1.0","10.0","1.0","0.0","0.0","30.0","0.0","0","0","0","0","0","204","204","-","-","-","-","-","-","-","-","-","-","-","-","-","-","-","-","-","-"
"1397590962017382403","https://twitter.com/banklessDAO/status/1397590962017382403","@Fernjosh1 @nakadaole Moment of silence for them.","2021-05-26 16:30 +0000","82.0","8.0","0.0975609756097561","0.0","0.0","5.0","1.0","0.0","0.0","2.0","0.0","0","0","0","0","0","0","0","-","-","-","-","-","-","-","-","-","-","-","-","-","-","-","-","-","-"
"1397583888323686400","https://twitter.com/banklessDAO/status/1397583888323686400","@BanklessHQ is live!

Tune in now! üéß https://t.co/Xgy0Y5ALx3","2021-05-26 16:02 +0000","934.0","7.0","0.007494646680942184","0.0","0.0","2.0","3.0","0.0","0.0","2.0","0.0","0","0","0","0","0","0","0","-","-","-","-","-","-","-","-","-","-","-","-","-","-","-","-","-","-"
"1397569653963214854","https://twitter.com/banklessDAO/status/1397569653963214854","Bankless DAO is global üåé.

Our impact will be global!","2021-05-26 15:05 +0000","2864.0","114.0","0.039804469273743016","8.0","1.0","49.0","23.0","0.0","0.0","33.0","0.0","0","0","0","0","0","0","0","-","-","-","-","-","-","-","-","-","-","-","-","-","-","-","-","-","-"
"1397565855958020105","https://twitter.com/banklessDAO/status/1397565855958020105","We've been put on BLAST https://t.co/hRbJVqn1K1","2021-05-26 14:50 +0000","3183.0","63.0","0.019792648444863337","6.0","1.0","23.0","6.0","0.0","0.0","27.0","0.0","0","0","0","0","0","0","0","-","-","-","-","-","-","-","-","-","-","-","-","-","-","-","-","-","-"
"1397519871412379650","https://twitter.com/banklessDAO/status/1397519871412379650","@META_DREAMER @MetaFam @ceramicnetwork @1HiveOrg @gitcoin @nowdaoit @TheMetaFactory We'll distribute the link internally and see if it catches on!","2021-05-26 11:47 +0000","398.0","11.0","0.02763819095477387","0.0","0.0","4.0","2.0","1.0","0.0","4.0","0.0","0","0","0","0","0","0","0","-","-","-","-","-","-","-","-","-","-","-","-","-","-","-","-","-","-"
"1397518930659483650","https://twitter.com/banklessDAO/status/1397518930659483650","@Icon59359451 @TheStalwart @pridesai Hello! Come join us! Whether you have an hour a week or 10, there are many ways you can start contributing.
https://t.co/1kOpespUfa","2021-05-26 11:44 +0000","84.0","11.0","0.13095238095238096","0.0","0.0","3.0","0.0","3.0","0.0","5.0","0.0","0","0","0","0","0","0","0","-","-","-","-","-","-","-","-","-","-","-","-","-","-","-","-","-","-"
"1397517619029233668","https://twitter.com/banklessDAO/status/1397517619029233668","It‚Äôs just the start. 

We‚Äôre cooking üë®‚Äçüç≥

Join team üëá https://t.co/f6C7Ecyb50","2021-05-26 11:38 +0000","2543.0","49.0","0.019268580416830515","3.0","1.0","24.0","3.0","0.0","0.0","18.0","0.0","0","0","0","0","0","0","0","-","-","-","-","-","-","-","-","-","-","-","-","-","-","-","-","-","-"
"1397346917810642946","https://twitter.com/banklessDAO/status/1397346917810642946","@gussulliman Whoops! Here ya go
https://t.co/cqGNcSp17B","2021-05-26 00:20 +0000","64.0","11.0","0.171875","0.0","0.0","1.0","2.0","8.0","0.0","0.0","0.0","0","0","0","0","0","0","0","-","-","-","-","-","-","-","-","-","-","-","-","-","-","-","-","-","-"
"1397344538444898304","https://twitter.com/banklessDAO/status/1397344538444898304","@gussulliman Come join us a BanklessDAO. Whether you have 1 hour a week, or 10, there's something for you to do :)

https://t.co/1kOpespUfa","2021-05-26 00:11 +0000","459.0","36.0","0.0784313725490196","1.0","1.0","6.0","6.0","16.0","0.0","6.0","0.0","0","0","0","0","0","0","0","-","-","-","-","-","-","-","-","-","-","-","-","-","-","-","-","-","-"
"1397299736483401731","https://twitter.com/banklessDAO/status/1397299736483401731","@Cooopahtroopa @whatdotcd @Globalcoinrsrch @forefront__ Lmao I clicked on your bitly bio link. I think I'm in love.","2021-05-25 21:13 +0000","308.0","34.0","0.11038961038961038","0.0","0.0","1.0","6.0","0.0","0.0","27.0","0.0","0","0","0","0","0","0","0","-","-","-","-","-","-","-","-","-","-","-","-","-","-","-","-","-","-"
"1397275494756896779","https://twitter.com/banklessDAO/status/1397275494756896779","BanklessDAO Value: ""Integrity - We operate transparently and build trust through radically public discourse and financial auditability.""

Read the notes for each of our guild meetings and community calls. So far we have:
üë®‚Äç‚öñÔ∏è Legal
üéì Edu
üë∑ Dev

https://t.co/jgcBrOdd6f","2021-05-25 19:36 +0000","1878.0","45.0","0.023961661341853034","6.0","1.0","15.0","1.0","13.0","0.0","9.0","0.0","0","0","0","0","0","0","0","-","-","-","-","-","-","-","-","-","-","-","-","-","-","-","-","-","-"
"1397246146175803397","https://twitter.com/banklessDAO/status/1397246146175803397","@Cville_Family knows you're killing bunnies üêá Monster https://t.co/mYasiW9Lhq","2021-05-25 17:40 +0000","52.0","5.0","0.09615384615384616","0.0","0.0","0.0","1.0","0.0","0.0","0.0","0.0","0","0","0","0","0","4","4","-","-","-","-","-","-","-","-","-","-","-","-","-","-","-","-","-","-"
"1397195724564148234","https://twitter.com/banklessDAO/status/1397195724564148234","@moesalih_ @eip1559 Check out other DAOs like @RaidGuild and @FWBtweets 
They're not defi protocols at all and are still massively successful!","2021-05-25 14:19 +0000","120.0","16.0","0.13333333333333333","0.0","1.0","3.0","6.0","0.0","0.0","6.0","0.0","0","0","0","0","0","0","0","-","-","-","-","-","-","-","-","-","-","-","-","-","-","-","-","-","-"
"1397016226866548740","https://twitter.com/banklessDAO/status/1397016226866548740","@IxaBrjnko @1HiveOrg üëÄüëÄüëÄüëÄ","2021-05-25 02:26 +0000","54.0","6.0","0.1111111111111111","0.0","0.0","3.0","0.0","0.0","0.0","3.0","0.0","0","0","0","0","0","0","0","-","-","-","-","-","-","-","-","-","-","-","-","-","-","-","-","-","-"
"1397009084130500610","https://twitter.com/banklessDAO/status/1397009084130500610","New Making Bank episode! @defideluxe speaks with @frogmonkee about governance, seasons, and consensus mechanisms.

https://t.co/suRdNL63CP","2021-05-25 01:58 +0000","2642.0","111.0","0.042013626040878126","11.0","3.0","27.0","17.0","23.0","0.0","30.0","0.0","0","0","0","0","0","0","0","-","-","-","-","-","-","-","-","-","-","-","-","-","-","-","-","-","-"
"1397003884799971330","https://twitter.com/banklessDAO/status/1397003884799971330","""All right, now that the honeymoon phase is over. Let's get to work."" - @WPMonty 

First Developers Guild meeting https://t.co/n5rCjUQTFz","2021-05-25 01:37 +0000","2758.0","194.0","0.07034082668600435","5.0","1.0","25.0","7.0","1.0","0.0","23.0","0.0","0","0","0","0","0","132","132","-","-","-","-","-","-","-","-","-","-","-","-","-","-","-","-","-","-"
"1396962825575321602","https://twitter.com/banklessDAO/status/1396962825575321602","@1HiveOrg üëÄ https://t.co/HybDr4sMyV","2021-05-24 22:54 +0000","5115.0","381.0","0.07448680351906159","7.0","5.0","24.0","38.0","1.0","0.0","72.0","0.0","0","0","0","0","0","234","234","-","-","-","-","-","-","-","-","-","-","-","-","-","-","-","-","-","-"
"1396936110404775939","https://twitter.com/banklessDAO/status/1396936110404775939","@McDermittMarvel I want to see this hanging on my walls. NFT or not :)","2021-05-24 21:08 +0000","301.0","1.0","0.0033222591362126247","0.0","0.0","1.0","0.0","0.0","0.0","0.0","0.0","0","0","0","0","0","0","0","-","-","-","-","-","-","-","-","-","-","-","-","-","-","-","-","-","-"
"1396894266983604231","https://twitter.com/banklessDAO/status/1396894266983604231","@enjoywithouthey @BanklessHQ There have been a couple of in person meetups as well","2021-05-24 18:22 +0000","44.0","1.0","0.022727272727272728","0.0","0.0","1.0","0.0","0.0","0.0","0.0","0.0","0","0","0","0","0","0","0","-","-","-","-","-","-","-","-","-","-","-","-","-","-","-","-","-","-"
"1396884317670756354","https://twitter.com/banklessDAO/status/1396884317670756354","Gang activity https://t.co/yB9ByEjCKV","2021-05-24 17:42 +0000","3062.0","39.0","0.012736773350751143","4.0","1.0","14.0","4.0","0.0","0.0","16.0","0.0","0","0","0","0","0","0","0","-","-","-","-","-","-","-","-","-","-","-","-","-","-","-","-","-","-"
"1396849390904508416","https://twitter.com/banklessDAO/status/1396849390904508416","When @TrustlessState in Bankless Box Logo on cover of Playgirl? https://t.co/6dNrXQPlr6","2021-05-24 15:23 +0000","2278.0","26.0","0.01141352063213345","1.0","1.0","6.0","7.0","0.0","0.0","11.0","0.0","0","0","0","0","0","0","0","-","-","-","-","-","-","-","-","-","-","-","-","-","-","-","-","-","-"
"1396833657038548996","https://twitter.com/banklessDAO/status/1396833657038548996","Would you get this as a poster? Credit: @Cville_Family https://t.co/OrGRh6L24H","2021-05-24 14:21 +0000","17432.0","507.0","0.029084442404772832","6.0","1.0","26.0","26.0","5.0","0.0","62.0","0.0","0","0","0","0","0","381","381","-","-","-","-","-","-","-","-","-","-","-","-","-","-","-","-","-","-"
"1396555485696909317","https://twitter.com/banklessDAO/status/1396555485696909317","@cryptodilddocc1 @BanklessHQ Opportunity kicked the door in, my guy.","2021-05-23 19:55 +0000","21.0","1.0","0.047619047619047616","0.0","0.0","1.0","0.0","0.0","0.0","0.0","0.0","0","0","0","0","0","0","0","-","-","-","-","-","-","-","-","-","-","-","-","-","-","-","-","-","-"
"1396423039139684359","https://twitter.com/banklessDAO/status/1396423039139684359","@luke_spotlong @RyanSAdams KNACK TWO BABBYYYY","2021-05-23 11:09 +0000","47.0","0.0","0.0","0.0","0.0","0.0","0.0","0.0","0.0","0.0","0.0","0","0","0","0","0","0","0","-","-","-","-","-","-","-","-","-","-","-","-","-","-","-","-","-","-"
"1396151201931087878","https://twitter.com/banklessDAO/status/1396151201931087878","*In Dunkey's voice* WEEK THREE BABBYYYYYYY

https://t.co/6n7dlDHxt1","2021-05-22 17:09 +0000","38534.0","317.0","0.008226501271604297","12.0","2.0","45.0","26.0","137.0","0.0","94.0","0.0","0","0","1","0","0","0","0","-","-","-","-","-","-","-","-","-","-","-","-","-","-","-","-","-","-"
"1396100457035149318","https://twitter.com/banklessDAO/status/1396100457035149318","@spykid82464929 https://t.co/EWWeqw8ZkF","2021-05-22 13:47 +0000","37.0","10.0","0.2702702702702703","0.0","1.0","1.0","0.0","0.0","0.0","2.0","0.0","0","0","0","0","0","9","6","-","-","-","-","-","-","-","-","-","-","-","-","-","-","-","-","-","-"
"1395945246261972997","https://twitter.com/banklessDAO/status/1395945246261972997","@mikeybitcoin @gregisenberg Greg is a cool guy. You're a cool guy.","2021-05-22 03:30 +0000","63.0","3.0","0.047619047619047616","0.0","1.0","2.0","0.0","0.0","0.0","0.0","0.0","0","0","0","0","0","0","0","-","-","-","-","-","-","-","-","-","-","-","-","-","-","-","-","-","-"
"1395929130517114881","https://twitter.com/banklessDAO/status/1395929130517114881","Picture says a thousand words. A few reasons you should be üêÇ on BanklessDAO :

üóìÔ∏è Day 17
‚öîÔ∏è Multiple guilds
ü§ù Cross guild collaboration
üë∑ Uniquely applicable skillsets
üìû Weekly guild meetings
1Ô∏è‚É£ Order of priority https://t.co/CGDVR44w6w","2021-05-22 02:26 +0000","6915.0","458.0","0.06623282718727404","7.0","1.0","34.0","30.0","0.0","0.0","84.0","0.0","0","0","0","0","0","302","302","-","-","-","-","-","-","-","-","-","-","-","-","-","-","-","-","-","-"
"1395873467254427650","https://twitter.com/banklessDAO/status/1395873467254427650","@cart_collector @TrustlessState Prove it.","2021-05-21 22:45 +0000","102.0","15.0","0.14705882352941177","0.0","1.0","1.0","0.0","0.0","0.0","8.0","0.0","0","0","0","0","0","5","5","-","-","-","-","-","-","-","-","-","-","-","-","-","-","-","-","-","-"
"1395822361220456459","https://twitter.com/banklessDAO/status/1395822361220456459","@DonoCrypto @0xGnowledge @BanklessHQ It'll be up on here!
https://t.co/7DSfVC0LPH","2021-05-21 19:22 +0000","70.0","7.0","0.1","0.0","0.0","1.0","1.0","5.0","0.0","0.0","0.0","0","0","0","0","0","0","0","-","-","-","-","-","-","-","-","-","-","-","-","-","-","-","-","-","-"
"1395822161747714050","https://twitter.com/banklessDAO/status/1395822161747714050","@pronoia16 @FaxReturn @TrustlessState Unfortunately not:( You need to have claimed a badge by a particular time. Subscribing now doesn't immediately grant you the entry amount.

Right now it's 35K BANK, but we're planning on many ways to earn BANK and possibly lower that amount too.","2021-05-21 19:21 +0000","64.0","8.0","0.125","0.0","1.0","2.0","0.0","0.0","0.0","5.0","0.0","0","0","0","0","0","0","0","-","-","-","-","-","-","-","-","-","-","-","-","-","-","-","-","-","-"
"1395821309339344899","https://twitter.com/banklessDAO/status/1395821309339344899","@wongisrite @RyanSAdams @TheMetaFactory https://t.co/iOjYuAagtV","2021-05-21 19:18 +0000","214.0","18.0","0.08411214953271028","0.0","0.0","4.0","6.0","0.0","0.0","2.0","0.0","0","0","0","0","0","75","6","-","-","-","-","-","-","-","-","-","-","-","-","-","-","-","-","-","-"
"1395821162249261060","https://twitter.com/banklessDAO/status/1395821162249261060","@WestCoastWalka Theres a #calendar channel with a bot that will send you reminders. We also have a gcal you can follow!","2021-05-21 19:17 +0000","41.0","1.0","0.024390243902439025","0.0","0.0","1.0","0.0","0.0","0.0","0.0","0.0","0","0","0","0","0","0","0","-","-","-","-","-","-","-","-","-","-","-","-","-","-","-","-","-","-"
"1395817277405245443","https://twitter.com/banklessDAO/status/1395817277405245443","@WestCoastWalka Listen to the first hour! You caught the Q&amp;A :)","2021-05-21 19:02 +0000","383.0","6.0","0.015665796344647518","0.0","1.0","2.0","0.0","0.0","0.0","3.0","0.0","0","0","0","0","0","0","0","-","-","-","-","-","-","-","-","-","-","-","-","-","-","-","-","-","-"
"1395558403297132546","https://twitter.com/banklessDAO/status/1395558403297132546","Wiki v2 is gonna look üî•üòé https://t.co/NuQuZ0NUPZ","2021-05-21 01:53 +0000","3116.0","256.0","0.0821566110397946","8.0","0.0","31.0","24.0","1.0","0.0","36.0","0.0","0","0","0","0","0","156","156","-","-","-","-","-","-","-","-","-","-","-","-","-","-","-","-","-","-"
"1395410055432970245","https://twitter.com/banklessDAO/status/1395410055432970245","@alex_gold77 @RyanSAdams @BanklessHQ Sale is over my guy :( Catch us on the next one, we have a lot coming up!","2021-05-20 16:04 +0000","116.0","5.0","0.04310344827586207","0.0","1.0","1.0","0.0","0.0","0.0","3.0","0.0","0","0","0","0","0","0","0","-","-","-","-","-","-","-","-","-","-","-","-","-","-","-","-","-","-"
"1395409901598425090","https://twitter.com/banklessDAO/status/1395409901598425090","@paulapivat at it again with these dope Dune Analytic dashboards.

35-150K BANK: 1,541 addresses üí™
150K-1.5M BANK: 88 addresses üêã
250+ Uniswap LP Tokens: 17 addresses üåä

https://t.co/ilNjysPd1p","2021-05-20 16:03 +0000","251.0","19.0","0.07569721115537849","3.0","0.0","3.0","2.0","7.0","0.0","4.0","0.0","0","0","0","0","0","0","0","-","-","-","-","-","-","-","-","-","-","-","-","-","-","-","-","-","-"
"1395034500665651201","https://twitter.com/banklessDAO/status/1395034500665651201","@jackdurose @nicheconomy @MaxMinsker @Iiterature @TheMetaFactory @rolandharwood @CaitlinLong_ @jbrukh @iamcrumplecat We agree whole-heartedly. Internally, we've called this difference soft vs hard consensus.

We're currently splitting into Guilds, which will likely be responsible for day to day decisions while token holders will likely vote on large budget items before each season. TBD!","2021-05-19 15:11 +0000","120.0","8.0","0.06666666666666667","0.0","2.0","3.0","2.0","0.0","0.0","1.0","0.0","0","0","0","0","0","0","0","-","-","-","-","-","-","-","-","-","-","-","-","-","-","-","-","-","-"
"1394870084343001089","https://twitter.com/banklessDAO/status/1394870084343001089","@BanklessHQ @CHIWORLD1234 üëÄ","2021-05-19 04:18 +0000","932.0","23.0","0.02467811158798283","0.0","0.0","4.0","2.0","0.0","0.0","17.0","0.0","0","0","0","0","0","0","0","-","-","-","-","-","-","-","-","-","-","-","-","-","-","-","-","-","-"
"1394844349205078017","https://twitter.com/banklessDAO/status/1394844349205078017","@frogmonkee üëèüëèüëèüëèüëèüëè","2021-05-19 02:36 +0000","364.0","7.0","0.019230769230769232","0.0","0.0","3.0","3.0","0.0","0.0","1.0","0.0","0","0","0","0","0","0","0","-","-","-","-","-","-","-","-","-","-","-","-","-","-","-","-","-","-"
"1394798411212378116","https://twitter.com/banklessDAO/status/1394798411212378116","@jackdurose @nicheconomy @MaxMinsker @Iiterature @TheMetaFactory @rolandharwood @CaitlinLong_ @jbrukh @iamcrumplecat How would leaders align their actions with the will of voters? Do you envision some type of election process?","2021-05-18 23:33 +0000","188.0","23.0","0.12234042553191489","0.0","2.0","2.0","8.0","0.0","0.0","11.0","0.0","0","0","0","0","0","0","0","-","-","-","-","-","-","-","-","-","-","-","-","-","-","-","-","-","-"
"1394793608558034946","https://twitter.com/banklessDAO/status/1394793608558034946","Credits to @tomtranmer","2021-05-18 23:14 +0000","2091.0","15.0","0.007173601147776184","0.0","0.0","2.0","7.0","0.0","0.0","6.0","0.0","0","0","0","0","0","0","0","-","-","-","-","-","-","-","-","-","-","-","-","-","-","-","-","-","-"
"1394791355864338432","https://twitter.com/banklessDAO/status/1394791355864338432","@TrustlessState @dytfin @RyanSAdams @udiWertheimer @BanklessHQ @cmsholdings And the Bankless DAO voted to donate all the funds to @gitcoin","2021-05-18 23:05 +0000","773.0","29.0","0.037516170763260026","0.0","0.0","11.0","6.0","0.0","0.0","12.0","0.0","0","0","0","0","0","0","0","-","-","-","-","-","-","-","-","-","-","-","-","-","-","-","-","-","-"
"1394780062541615104","https://twitter.com/banklessDAO/status/1394780062541615104","Who wants a ticket to ride? https://t.co/4pCybFUIxd","2021-05-18 22:20 +0000","23888.0","943.0","0.03947588747488279","16.0","5.0","73.0","53.0","5.0","0.0","185.0","0.0","0","0","0","0","0","606","606","-","-","-","-","-","-","-","-","-","-","-","-","-","-","-","-","-","-"
"1394675681297006595","https://twitter.com/banklessDAO/status/1394675681297006595","@undef_ined @BanklessHQ You should join our design guild and help out. Or are you just someone who comments random stuff on Twitter?","2021-05-18 15:26 +0000","119.0","3.0","0.025210084033613446","0.0","1.0","0.0","0.0","0.0","0.0","2.0","0.0","0","0","0","0","0","0","0","-","-","-","-","-","-","-","-","-","-","-","-","-","-","-","-","-","-"
"1394670246351441933","https://twitter.com/banklessDAO/status/1394670246351441933","@CindiKit Wooooohoooooo!!!","2021-05-18 15:04 +0000","167.0","6.0","0.03592814371257485","0.0","0.0","2.0","2.0","0.0","0.0","2.0","0.0","0","0","0","0","0","0","0","-","-","-","-","-","-","-","-","-","-","-","-","-","-","-","-","-","-"
"1394669340952195072","https://twitter.com/banklessDAO/status/1394669340952195072","One more day left to get your shirt: https://t.co/N73Z94fCLX https://t.co/msixmMWpUc","2021-05-18 15:00 +0000","24665.0","980.0","0.0397324143523211","8.0","2.0","38.0","20.0","95.0","0.0","82.0","0.0","0","0","0","0","0","735","735","-","-","-","-","-","-","-","-","-","-","-","-","-","-","-","-","-","-"
"1394385303893278724","https://twitter.com/banklessDAO/status/1394385303893278724","@portiadog @TheMetaFactory @paintwithalex @BanklessHQ You gonna love what we cooked up together on this one. Personally tested more than 10 shirts and picked the best performer in the nip-test category.","2021-05-17 20:12 +0000","80.0","6.0","0.075","0.0","0.0","2.0","0.0","1.0","0.0","3.0","0.0","0","0","0","0","0","0","0","-","-","-","-","-","-","-","-","-","-","-","-","-","-","-","-","-","-"
"1394385008979152898","https://twitter.com/banklessDAO/status/1394385008979152898","@jeansaisrien22 @BanklessHQ @TheMetaFactory You good?","2021-05-17 20:11 +0000","95.0","14.0","0.14736842105263157","0.0","0.0","1.0","1.0","0.0","0.0","12.0","0.0","0","0","0","0","0","0","0","-","-","-","-","-","-","-","-","-","-","-","-","-","-","-","-","-","-"
"1394384435592585216","https://twitter.com/banklessDAO/status/1394384435592585216","@E2Mistr @BanklessHQ @TheMetaFactory Don‚Äôt get caught at the meet up in the Hanes version of this joint bro","2021-05-17 20:08 +0000","84.0","7.0","0.08333333333333333","0.0","1.0","2.0","2.0","0.0","0.0","2.0","0.0","0","0","0","0","0","0","0","-","-","-","-","-","-","-","-","-","-","-","-","-","-","-","-","-","-"
"1394382208924717056","https://twitter.com/banklessDAO/status/1394382208924717056","@E2Mistr @BanklessHQ @TheMetaFactory Indeed. It‚Äôs the good stuff. Is having $90 worth not having this shirt?

Plus, everyone gets $ROBOT rebates. Read shirt description ü§ñ","2021-05-17 19:59 +0000","250.0","15.0","0.06","0.0","1.0","1.0","4.0","0.0","0.0","9.0","0.0","0","0","0","0","0","0","0","-","-","-","-","-","-","-","-","-","-","-","-","-","-","-","-","-","-"
"1394381452230369280","https://twitter.com/banklessDAO/status/1394381452230369280","@CryptoGucci üòàüòàüòà","2021-05-17 19:56 +0000","272.0","1.0","0.003676470588235294","0.0","0.0","1.0","0.0","0.0","0.0","0.0","0.0","0","0","0","0","0","0","0","-","-","-","-","-","-","-","-","-","-","-","-","-","-","-","-","-","-"
"1394376676386115586","https://twitter.com/banklessDAO/status/1394376676386115586","@BanklessHQ @TheMetaFactory Wow","2021-05-17 19:38 +0000","1774.0","50.0","0.02818489289740699","0.0","1.0","4.0","11.0","0.0","0.0","34.0","0.0","0","0","0","0","0","0","0","-","-","-","-","-","-","-","-","-","-","-","-","-","-","-","-","-","-"
"1394367975042416641","https://twitter.com/banklessDAO/status/1394367975042416641","@SinjunART üòéüòéüòéüòéüòé","2021-05-17 19:03 +0000","43.0","0.0","0.0","0.0","0.0","0.0","0.0","0.0","0.0","0.0","0.0","0","0","0","0","0","0","0","-","-","-","-","-","-","-","-","-","-","-","-","-","-","-","-","-","-"
"1394335169092362249","https://twitter.com/banklessDAO/status/1394335169092362249","@livethelifetv üî•üî•üî•","2021-05-17 16:53 +0000","352.0","7.0","0.019886363636363636","1.0","0.0","4.0","1.0","0.0","0.0","1.0","0.0","0","0","0","0","0","0","0","-","-","-","-","-","-","-","-","-","-","-","-","-","-","-","-","-","-"
"1394330221168365570","https://twitter.com/banklessDAO/status/1394330221168365570","@Dangaeb @TheMetaFactory yes!","2021-05-17 16:33 +0000","295.0","3.0","0.010169491525423728","0.0","0.0","1.0","2.0","0.0","0.0","0.0","0.0","0","0","0","0","0","0","0","-","-","-","-","-","-","-","-","-","-","-","-","-","-","-","-","-","-"
"1394329005789089800","https://twitter.com/banklessDAO/status/1394329005789089800","@Mooie_89 @TheMetaFactory + 42% back in ROBOT.","2021-05-17 16:28 +0000","333.0","7.0","0.021021021021021023","0.0","1.0","4.0","1.0","0.0","0.0","1.0","0.0","0","0","0","0","0","0","0","-","-","-","-","-","-","-","-","-","-","-","-","-","-","-","-","-","-"
"1394328519321128962","https://twitter.com/banklessDAO/status/1394328519321128962","Wow @TheMetaFactory üò≥

üî• üè¶ üî• 

It‚Äôs time to grab a Bankless Box Logo

https://t.co/nEPoiuXIui https://t.co/SFqeSx58Mk","2021-05-17 16:26 +0000","68924.0","1146.0","0.016627009459694735","26.0","5.0","63.0","65.0","279.0","0.0","307.0","0.0","0","0","0","0","0","401","401","-","-","-","-","-","-","-","-","-","-","-","-","-","-","-","-","-","-"
"1393984598590296070","https://twitter.com/banklessDAO/status/1393984598590296070","@tmoindustries @BanklessHQ @TheLAOOfficial @nowdaoit There's ongoing discussion for DAOHaus: https://t.co/dWHXlKjce3","2021-05-16 17:40 +0000","69.0","15.0","0.21739130434782608","0.0","0.0","2.0","1.0","6.0","0.0","6.0","0.0","0","0","0","0","0","0","0","-","-","-","-","-","-","-","-","-","-","-","-","-","-","-","-","-","-"
"1393958925339332618","https://twitter.com/banklessDAO/status/1393958925339332618","@tmoindustries @BanklessHQ We haven't figured it out yet! Many of us are new to DAOs. 80% probably haven't even heard of Aragon. Right now, governance is off chain save for snapshots. But this is a BIG priority and some very vocal advocates of decentralized governance are pushing this frontier for us.","2021-05-16 15:58 +0000","56.0","5.0","0.08928571428571429","0.0","2.0","2.0","0.0","0.0","0.0","1.0","0.0","0","0","0","0","0","0","0","-","-","-","-","-","-","-","-","-","-","-","-","-","-","-","-","-","-"
"1393669743626838016","https://twitter.com/banklessDAO/status/1393669743626838016","@RoninImperial To be fair, $DOGE does have OG in it.","2021-05-15 20:48 +0000","150.0","2.0","0.013333333333333334","0.0","0.0","1.0","0.0","0.0","0.0","1.0","0.0","0","0","0","0","0","0","0","-","-","-","-","-","-","-","-","-","-","-","-","-","-","-","-","-","-"
"1393651863581507593","https://twitter.com/banklessDAO/status/1393651863581507593","@toolsdrummer @benedictevans @MakerDAO @RealTPlatform @gitcoin Thanks for the plug! @benedictevans, as @toolsdrummer said, we're less than a fortnight into the first media DAO. We anticipate many traditional media outlets accessing the crypto audience through BanklessDAO. Happy to talk more!

Check out the newsletter
https://t.co/Nza6xQSC3p","2021-05-15 19:37 +0000","215.0","1.0","0.004651162790697674","0.0","0.0","1.0","0.0","0.0","0.0","0.0","0.0","0","0","0","0","0","0","0","-","-","-","-","-","-","-","-","-","-","-","-","-","-","-","-","-","-"
"1393589008169644038","https://twitter.com/banklessDAO/status/1393589008169644038","The internet made this. Thank you internet. https://t.co/h7qG8wBkBa","2021-05-15 15:28 +0000","3172.0","312.0","0.09836065573770492","3.0","2.0","33.0","14.0","0.0","0.0","39.0","0.0","0","0","0","0","0","221","221","-","-","-","-","-","-","-","-","-","-","-","-","-","-","-","-","-","-"
"1393360216952119302","https://twitter.com/banklessDAO/status/1393360216952119302","And finally: $ETH has no supply floor

https://t.co/emIaNxb9VJ","2021-05-15 00:18 +0000","2264.0","23.0","0.010159010600706713","2.0","1.0","10.0","1.0","1.0","0.0","8.0","0.0","0","0","0","0","0","0","0","-","-","-","-","-","-","-","-","-","-","-","-","-","-","-","-","-","-"
"1393360215416913924","https://twitter.com/banklessDAO/status/1393360215416913924","Proposals in discussion:
üîé Leaders in the community are taking the initiative to increase transparency among Discord channels.
üìú In order to further the Bankless DAO‚Äôs values and vision, we have begun to formalize a set of guiding principles
üß¢ MORE MERCH","2021-05-15 00:18 +0000","1861.0","32.0","0.017195056421278884","2.0","1.0","8.0","3.0","0.0","0.0","16.0","0.0","0","0","0","0","0","2","2","-","-","-","-","-","-","-","-","-","-","-","-","-","-","-","-","-","-"
"1393360213651169281","https://twitter.com/banklessDAO/status/1393360213651169281","Two passed proposals:
üèÜ 100,000 USD on its way to @gitcoin 

üèÜ 87M $BANK will be dropped to @BanklessHQ members with the 2020 and 2021 badges as opposed to the less reliably ""emails"" method","2021-05-15 00:18 +0000","1245.0","69.0","0.05542168674698795","1.0","1.0","8.0","13.0","0.0","0.0","44.0","0.0","0","0","0","0","0","2","2","-","-","-","-","-","-","-","-","-","-","-","-","-","-","-","-","-","-"
"1393360212195790850","https://twitter.com/banklessDAO/status/1393360212195790850","üë• Our first community call was a MASSIVE success with 170 people at one points. Two hours later, the energy was still there.
üëï We got MERCH coming your way in collab with @TheMetaFactory 
üìï We have a WIKI! Everything you need to get started üëà
üéôÔ∏è BanklessDAO Podcast??? üéôÔ∏è","2021-05-15 00:18 +0000","1028.0","26.0","0.02529182879377432","1.0","1.0","7.0","4.0","0.0","0.0","13.0","0.0","0","0","0","0","0","0","0","-","-","-","-","-","-","-","-","-","-","-","-","-","-","-","-","-","-"
"1393360210471829505","https://twitter.com/banklessDAO/status/1393360210471829505","üí∞ @1inchNetwork referral link is up! Referral fees go to the Treasury
‚ö°We're on @zapper_fi 
‚úçÔ∏è @RichardPatey blogged about us &amp; üéôÔ∏è @OnTheBrinkCIV gave us a shoutout on their podcast
And check out these stats that @paulapivat put together from our volunteer form https://t.co/msNUHPxSfZ","2021-05-15 00:18 +0000","1062.0","53.0","0.04990583804143126","2.0","1.0","7.0","6.0","0.0","0.0","10.0","0.0","0","0","0","0","0","27","27","-","-","-","-","-","-","-","-","-","-","-","-","-","-","-","-","-","-"
"1393360206810255362","https://twitter.com/banklessDAO/status/1393360206810255362","This week, things are settling; builders, curators, and facilitators are emerging. As one member described it, the first week of the DAO was like running full speed in the dark. Now, we lit a candle in the dark, but we‚Äôre still sprinting. Let‚Äôs look at the ground we've covered","2021-05-15 00:18 +0000","1046.0","22.0","0.021032504780114723","2.0","1.0","6.0","1.0","0.0","0.0","12.0","0.0","0","0","0","0","0","0","0","-","-","-","-","-","-","-","-","-","-","-","-","-","-","-","-","-","-"
"1393360205463830528","https://twitter.com/banklessDAO/status/1393360205463830528","WEEK 2Ô∏è‚É£ NEWSLETTER. Read below üëá

https://t.co/UjLPy6AR7X","2021-05-15 00:18 +0000","22522.0","452.0","0.02006926560696208","19.0","5.0","38.0","39.0","220.0","0.0","131.0","0.0","0","0","0","0","0","0","0","-","-","-","-","-","-","-","-","-","-","-","-","-","-","-","-","-","-"
"1393353635078213636","https://twitter.com/banklessDAO/status/1393353635078213636","@BanklessChi is on üî• with these tweets https://t.co/rn1rEd2X0a","2021-05-14 23:52 +0000","133.0","24.0","0.18045112781954886","1.0","0.0","2.0","5.0","4.0","0.0","12.0","0.0","0","0","0","0","0","0","0","-","-","-","-","-","-","-","-","-","-","-","-","-","-","-","-","-","-"
"1393324998354370560","https://twitter.com/banklessDAO/status/1393324998354370560","@McDermittMarvel Yes üëç","2021-05-14 21:59 +0000","235.0","1.0","0.00425531914893617","0.0","0.0","0.0","1.0","0.0","0.0","0.0","0.0","0","0","0","0","0","0","0","-","-","-","-","-","-","-","-","-","-","-","-","-","-","-","-","-","-"
"1393313328521428998","https://twitter.com/banklessDAO/status/1393313328521428998","""Can't wait to go home and arb $RAI."" https://t.co/74t1EHIbxi","2021-05-14 21:12 +0000","2493.0","209.0","0.08383473726434015","2.0","1.0","15.0","7.0","1.0","0.0","18.0","0.0","0","0","0","0","0","165","165","-","-","-","-","-","-","-","-","-","-","-","-","-","-","-","-","-","-"
"1393274762349228034","https://twitter.com/banklessDAO/status/1393274762349228034","@cr8rx @BanklessHQ https://t.co/fWFqFpa3RX","2021-05-14 18:39 +0000","31.0","3.0","0.0967741935483871","0.0","1.0","1.0","0.0","1.0","0.0","0.0","0.0","0","0","0","0","0","0","0","-","-","-","-","-","-","-","-","-","-","-","-","-","-","-","-","-","-"
"1393253315463442432","https://twitter.com/banklessDAO/status/1393253315463442432","üëÄ https://t.co/4Ji4gAW18a","2021-05-14 17:14 +0000","3494.0","65.0","0.018603319977103606","2.0","2.0","37.0","2.0","0.0","0.0","22.0","0.0","0","0","0","0","0","0","0","-","-","-","-","-","-","-","-","-","-","-","-","-","-","-","-","-","-"
"1393221309996339202","https://twitter.com/banklessDAO/status/1393221309996339202","First community call. 136 as of now! https://t.co/DEqHLl1plp","2021-05-14 15:06 +0000","2950.0","227.0","0.07694915254237288","4.0","1.0","32.0","13.0","1.0","0.0","26.0","0.0","0","0","0","0","0","150","150","-","-","-","-","-","-","-","-","-","-","-","-","-","-","-","-","-","-"
"1393218975098564608","https://twitter.com/banklessDAO/status/1393218975098564608","Blueprint ‚úçÔ∏è https://t.co/sy6a7C0YUQ","2021-05-14 14:57 +0000","17503.0","131.0","0.007484431240358796","7.0","2.0","50.0","25.0","4.0","0.0","43.0","0.0","0","0","0","0","0","0","0","-","-","-","-","-","-","-","-","-","-","-","-","-","-","-","-","-","-"
"1393200819638505475","https://twitter.com/banklessDAO/status/1393200819638505475","@BenFerrum 1. Start creating apps. Learn solidity, web3, nodejs. Use @HardhatHQ 
2. Start contributing to OSS repos. Complete tickets, maybe even apply for a grant.
3. Start writing and tweeting

If you can commit full time, you'll get a job within 3-4 months.","2021-05-14 13:45 +0000","494.0","25.0","0.05060728744939271","1.0","1.0","7.0","9.0","0.0","0.0","7.0","0.0","0","0","0","0","0","0","0","-","-","-","-","-","-","-","-","-","-","-","-","-","-","-","-","-","-"
"1393010887611404288","https://twitter.com/banklessDAO/status/1393010887611404288","Ty @zapper_fi ü§ù https://t.co/KrMHd8TPGQ","2021-05-14 01:10 +0000","11325.0","1122.0","0.0990728476821192","5.0","10.0","75.0","51.0","1.0","0.0","92.0","0.0","0","0","0","0","0","888","888","-","-","-","-","-","-","-","-","-","-","-","-","-","-","-","-","-","-"
"1392991370445418497","https://twitter.com/banklessDAO/status/1392991370445418497","@Cooopahtroopa Bet https://t.co/5tbu11N4Pl","2021-05-13 23:53 +0000","299.0","9.0","0.030100334448160536","0.0","0.0","3.0","0.0","0.0","0.0","6.0","0.0","0","0","0","0","0","0","0","-","-","-","-","-","-","-","-","-","-","-","-","-","-","-","-","-","-"
"1392985505843666946","https://twitter.com/banklessDAO/status/1392985505843666946","@Saaamsonite @TheMetaFactory In discussion for future releases.","2021-05-13 23:29 +0000","263.0","6.0","0.022813688212927757","0.0","0.0","2.0","1.0","0.0","0.0","3.0","0.0","0","0","0","0","0","0","0","-","-","-","-","-","-","-","-","-","-","-","-","-","-","-","-","-","-"
"1392959239816089602","https://twitter.com/banklessDAO/status/1392959239816089602","@TheMetaFactory I thought I had a stroke","2021-05-13 21:45 +0000","611.0","20.0","0.03273322422258593","0.0","0.0","11.0","2.0","0.0","0.0","7.0","0.0","0","0","0","0","0","0","0","-","-","-","-","-","-","-","-","-","-","-","-","-","-","-","-","-","-"
"1392952522780803072","https://twitter.com/banklessDAO/status/1392952522780803072","Our first drop is Monday May 17 at 9AM PST. (If you like the @banklessHQ April Fools announcement, you won‚Äôt want to miss it.)","2021-05-13 21:18 +0000","2389.0","62.0","0.02595228128924236","3.0","1.0","23.0","17.0","0.0","0.0","18.0","0.0","0","0","0","0","0","0","0","-","-","-","-","-","-","-","-","-","-","-","-","-","-","-","-","-","-"
"1392952521656733698","https://twitter.com/banklessDAO/status/1392952521656733698","Let‚Äôs spread some serious crypto culture together @TheMetaFactory üòà

This announcement articulates the first major partnership, as well as the first major revenue stream, for our DAO. Read more üëá

https://t.co/UV42wohkRE","2021-05-13 21:18 +0000","76803.0","1536.0","0.019999218780516387","49.0","6.0","165.0","182.0","413.0","0.0","721.0","0.0","0","0","0","0","0","0","0","-","-","-","-","-","-","-","-","-","-","-","-","-","-","-","-","-","-"
"1392945524412715022","https://twitter.com/banklessDAO/status/1392945524412715022","Chicagoooooooo https://t.co/U2uGUPZhET","2021-05-13 20:51 +0000","3293.0","38.0","0.011539629517157608","3.0","0.0","12.0","11.0","0.0","0.0","12.0","0.0","0","0","0","0","0","0","0","-","-","-","-","-","-","-","-","-","-","-","-","-","-","-","-","-","-"
"1392900213136896000","https://twitter.com/banklessDAO/status/1392900213136896000","Writer's Guild had their first formal meeting. Had a few others hop on as well. Agenda items included:
1. This week's newsletter
2. Creating a bounty board framework
3. Perhaps something with @nowdaoit ??? https://t.co/ULRHVmfjSE","2021-05-13 17:51 +0000","2002.0","127.0","0.06343656343656344","1.0","0.0","14.0","10.0","0.0","0.0","22.0","0.0","0","0","0","0","0","80","80","-","-","-","-","-","-","-","-","-","-","-","-","-","-","-","-","-","-"
"1392886895848394754","https://twitter.com/banklessDAO/status/1392886895848394754","@angelamaximum @paulapivat We're working on it now! If you have thoughts on how you would like to see it work, please contribute: https://t.co/MpU5qv9mg4","2021-05-13 16:58 +0000","136.0","7.0","0.051470588235294115","1.0","0.0","0.0","0.0","5.0","0.0","1.0","0.0","0","0","0","0","0","0","0","-","-","-","-","-","-","-","-","-","-","-","-","-","-","-","-","-","-"
"1392629166718210059","https://twitter.com/banklessDAO/status/1392629166718210059","@philipp_kothe @BanklessHQ How do you mean?","2021-05-12 23:54 +0000","53.0","1.0","0.018867924528301886","0.0","1.0","0.0","0.0","0.0","0.0","0.0","0.0","0","0","0","0","0","0","0","-","-","-","-","-","-","-","-","-","-","-","-","-","-","-","-","-","-"
"1392522333177323520","https://twitter.com/banklessDAO/status/1392522333177323520","Boop https://t.co/E1BFeGdKvR","2021-05-12 16:49 +0000","15279.0","711.0","0.0465344590614569","11.0","5.0","116.0","67.0","4.0","0.0","144.0","0.0","0","0","0","0","0","364","364","-","-","-","-","-","-","-","-","-","-","-","-","-","-","-","-","-","-"
"1392497534602461186","https://twitter.com/banklessDAO/status/1392497534602461186","@SelfSimilar8 @BanklessHQ We're working on plenty of ways to let anyone earn BANK!","2021-05-12 15:10 +0000","70.0","3.0","0.04285714285714286","0.0","0.0","1.0","0.0","0.0","0.0","2.0","0.0","0","0","0","0","0","0","0","-","-","-","-","-","-","-","-","-","-","-","-","-","-","-","-","-","-"
"1392485678668124161","https://twitter.com/banklessDAO/status/1392485678668124161","We thank you @bairesdao ü§ù 

The bidding for ETH HAS NO SUPPLY FLOOR is still live: https://t.co/mXcS2voxCz https://t.co/dA26zTQZYi","2021-05-12 14:23 +0000","2135.0","79.0","0.03700234192037471","1.0","0.0","14.0","17.0","22.0","0.0","25.0","0.0","0","0","0","0","0","0","0","-","-","-","-","-","-","-","-","-","-","-","-","-","-","-","-","-","-"
"1392376736965226498","https://twitter.com/banklessDAO/status/1392376736965226498","Shit wait I missed it, someone leave https://t.co/hja2ZUUlNc","2021-05-12 07:10 +0000","2505.0","343.0","0.13692614770459083","1.0","0.0","22.0","16.0","1.0","0.0","39.0","0.0","0","0","0","0","0","264","264","-","-","-","-","-","-","-","-","-","-","-","-","-","-","-","-","-","-"
"1392280217100587009","https://twitter.com/banklessDAO/status/1392280217100587009","@Fernjosh1 @zapper_fi @BanklessHQ Need that","2021-05-12 00:47 +0000","41.0","3.0","0.07317073170731707","0.0","0.0","1.0","0.0","0.0","0.0","2.0","0.0","0","0","0","0","0","0","0","-","-","-","-","-","-","-","-","-","-","-","-","-","-","-","-","-","-"
"1392280008123584514","https://twitter.com/banklessDAO/status/1392280008123584514","‚ÄòTwas the night before a DAO vote, and all thru the Discord... https://t.co/Ph2dKqEaki","2021-05-12 00:46 +0000","2151.0","27.0","0.012552301255230125","1.0","0.0","4.0","12.0","0.0","0.0","10.0","0.0","0","0","0","0","0","0","0","-","-","-","-","-","-","-","-","-","-","-","-","-","-","-","-","-","-"
"1392271395556446210","https://twitter.com/banklessDAO/status/1392271395556446210","@Freddmannen dropped these fat üíµstacks. Designers are starting to make waves. https://t.co/OWrmZZYRnY","2021-05-12 00:12 +0000","47.0","6.0","0.1276595744680851","0.0","0.0","1.0","2.0","0.0","0.0","0.0","0.0","0","0","0","0","0","3","3","-","-","-","-","-","-","-","-","-","-","-","-","-","-","-","-","-","-"
"1392196255493750787","https://twitter.com/banklessDAO/status/1392196255493750787","üö®üö®üö® $BANK HOLDERS üö®üö®üö®
BanklessDAO is in its infancy. Every decision matters. We have our FIRST community proposal and it's a üêãone. If you hold any BANK, we're voting on an airdrop of 87M BANK. If you own a 2020 or 2021 badge, this affects you. VOTE

https://t.co/vRAbg3rgKe","2021-05-11 19:13 +0000","13914.0","768.0","0.055196205260888316","14.0","5.0","58.0","80.0","316.0","0.0","294.0","0.0","0","0","1","0","0","0","0","-","-","-","-","-","-","-","-","-","-","-","-","-","-","-","-","-","-"
"1392146238875729921","https://twitter.com/banklessDAO/status/1392146238875729921","Snapshot: https://t.co/Wxdg3faMkJ

Thread: https://t.co/EsrDdTIEvt","2021-05-11 15:55 +0000","1986.0","44.0","0.022155085599194362","0.0","0.0","9.0","2.0","24.0","0.0","9.0","0.0","0","0","0","0","0","0","0","-","-","-","-","-","-","-","-","-","-","-","-","-","-","-","-","-","-"
"1392146237671936006","https://twitter.com/banklessDAO/status/1392146237671936006","Yesterday, BanklessDAO members passed their second formal proposal! BanklessDAO will be donating $$$ 100,000 USD to @gitcoin! This donation is sourced from @cmsholdings, who offered the juicy amount to get @udiWertheimer on a podcast ep. with @TrustlessState and @RyanSAdams. üëá","2021-05-11 15:55 +0000","39398.0","587.0","0.014899233463627596","17.0","4.0","126.0","137.0","2.0","0.0","301.0","0.0","0","0","0","0","0","0","0","-","-","-","-","-","-","-","-","-","-","-","-","-","-","-","-","-","-"
"1392144800774688779","https://twitter.com/banklessDAO/status/1392144800774688779","@TeamSobol @BanklessHQ Send us a DM. Probably going to start evaluating org tools very shorty. https://t.co/VIwpD2OWVV","2021-05-11 15:49 +0000","44.0","6.0","0.13636363636363635","0.0","1.0","0.0","1.0","0.0","0.0","2.0","0.0","0","0","0","0","0","9","2","-","-","-","-","-","-","-","-","-","-","-","-","-","-","-","-","-","-"
"1391900383107182592","https://twitter.com/banklessDAO/status/1391900383107182592","@0xKimberly @0xBorderless We're working on a Gitbook with some onboarding docs. Check back in a day or two!","2021-05-10 23:38 +0000","52.0","4.0","0.07692307692307693","0.0","1.0","1.0","2.0","0.0","0.0","0.0","0.0","0","0","0","0","0","0","0","-","-","-","-","-","-","-","-","-","-","-","-","-","-","-","-","-","-"
"1391856669647200258","https://twitter.com/banklessDAO/status/1391856669647200258","Us soon. https://t.co/lj2gUzHD1Y","2021-05-10 20:44 +0000","20359.0","293.0","0.014391669531902353","9.0","3.0","74.0","89.0","0.0","0.0","118.0","0.0","0","0","0","0","0","0","0","-","-","-","-","-","-","-","-","-","-","-","-","-","-","-","-","-","-"
"1391771697548730370","https://twitter.com/banklessDAO/status/1391771697548730370","Have a look at what the inside looks like. @frogmonkee's writeup on hard and soft consensus within BanklessDAO https://t.co/wtxRyuxYTg","2021-05-10 15:06 +0000","11202.0","62.0","0.005534725941796108","1.0","0.0","15.0","24.0","0.0","0.0","22.0","0.0","0","0","0","0","0","0","0","-","-","-","-","-","-","-","-","-","-","-","-","-","-","-","-","-","-"
"1391603159726915591","https://twitter.com/banklessDAO/status/1391603159726915591","Day 6 Rollup - Story time: A couple of people hopped in voice chat. Then a few more. Then more. Talked for a half hour about how this DAO is unlike any other in momentum. Talked so long we didn't even hear about $ETH passing $4K. We missed it. üêÇBullishüêÇ $BANK","2021-05-10 03:57 +0000","4646.0","127.0","0.027335342229875163","4.0","1.0","39.0","25.0","0.0","0.0","58.0","0.0","0","0","0","0","0","0","0","-","-","-","-","-","-","-","-","-","-","-","-","-","-","-","-","-","-"
"1391550610734944256","https://twitter.com/banklessDAO/status/1391550610734944256","@_LapsuX @BanklessHQ @RyanSAdams https://t.co/gn3YqruBGY","2021-05-10 00:28 +0000","106.0","12.0","0.11320754716981132","0.0","1.0","0.0","1.0","9.0","0.0","1.0","0.0","0","0","0","0","0","0","0","-","-","-","-","-","-","-","-","-","-","-","-","-","-","-","-","-","-"
"1391548686304436225","https://twitter.com/banklessDAO/status/1391548686304436225","In the most recent @BanklessHQ Roll Up, @RyanSAdams sent this message out to future members of the DAO. 

Come build with us:
üëâ https://t.co/UZvNGcEt1m https://t.co/5KqpCEGfd8","2021-05-10 00:20 +0000","21893.0","520.0","0.023751884163888","6.0","4.0","48.0","42.0","55.0","0.0","122.0","0.0","0","0","0","0","0","3580","243","-","-","-","-","-","-","-","-","-","-","-","-","-","-","-","-","-","-"
"1391517035159441409","https://twitter.com/banklessDAO/status/1391517035159441409","Omelette du fromage

https://t.co/eohIPJycyo","2021-05-09 22:14 +0000","2864.0","64.0","0.0223463687150838","1.0","2.0","9.0","6.0","28.0","0.0","18.0","0.0","0","0","0","0","0","0","0","-","-","-","-","-","-","-","-","-","-","-","-","-","-","-","-","-","-"
"1391461609134952450","https://twitter.com/banklessDAO/status/1391461609134952450","Credits: @Cville_Family https://t.co/WtcTKdDjKX","2021-05-09 18:34 +0000","2460.0","31.0","0.012601626016260163","1.0","0.0","7.0","13.0","0.0","0.0","10.0","0.0","0","0","0","0","0","0","0","-","-","-","-","-","-","-","-","-","-","-","-","-","-","-","-","-","-"
"1391449859131994112","https://twitter.com/banklessDAO/status/1391449859131994112","DAO De Ching https://t.co/iVnfjdG38R","2021-05-09 17:47 +0000","18742.0","646.0","0.03446803969693736","9.0","6.0","59.0","59.0","9.0","0.0","161.0","0.0","0","0","1","0","0","342","342","-","-","-","-","-","-","-","-","-","-","-","-","-","-","-","-","-","-"
"1391428000449658882","https://twitter.com/banklessDAO/status/1391428000449658882","Thread of BANK stats and thoughts. https://t.co/MnVlXnWQHL","2021-05-09 16:21 +0000","2649.0","50.0","0.01887504718761797","1.0","1.0","12.0","13.0","0.0","0.0","23.0","0.0","0","0","0","0","0","0","0","-","-","-","-","-","-","-","-","-","-","-","-","-","-","-","-","-","-"
"1391211388127703045","https://twitter.com/banklessDAO/status/1391211388127703045","Number of signs ups doubled since this tweet came out üò≤ https://t.co/idd6Naq2k5","2021-05-09 02:00 +0000","2248.0","31.0","0.013790035587188613","2.0","1.0","4.0","7.0","0.0","0.0","17.0","0.0","0","0","0","0","0","0","0","-","-","-","-","-","-","-","-","-","-","-","-","-","-","-","-","-","-"
"1391211181398925313","https://twitter.com/banklessDAO/status/1391211181398925313","More and more proposals are being written. People are being emboldened. They're realizing their opinions matter. That if they raise their voice, others will stop to listen, learn, and lreconsider.

https://t.co/a1Pa4YheQA","2021-05-09 01:59 +0000","1357.0","19.0","0.01400147383935151","1.0","0.0","3.0","1.0","14.0","0.0","0.0","0.0","0","0","0","0","0","0","0","-","-","-","-","-","-","-","-","-","-","-","-","-","-","-","-","-","-"
"1391211180199268358","https://twitter.com/banklessDAO/status/1391211180199268358","100 people filled out our BanklessDAO Volunteers form: https://t.co/LrGdihmNql

We're brimming with talent.","2021-05-09 01:59 +0000","1634.0","80.0","0.04895960832313342","1.0","1.0","11.0","6.0","54.0","0.0","7.0","0.0","0","0","0","0","0","0","0","-","-","-","-","-","-","-","-","-","-","-","-","-","-","-","-","-","-"
"1391211178802630656","https://twitter.com/banklessDAO/status/1391211178802630656","Analytics are heating up üìä Some members created @DuneAnalytics dashboards showing $BANK token distribution and trading activity:
https://t.co/clV4xLdJQZ
https://t.co/BG1TtLYlOj","2021-05-09 01:59 +0000","591.0","30.0","0.050761421319796954","0.0","1.0","5.0","2.0","18.0","0.0","4.0","0.0","0","0","0","0","0","0","0","-","-","-","-","-","-","-","-","-","-","-","-","-","-","-","-","-","-"
"1391211177523367938","https://twitter.com/banklessDAO/status/1391211177523367938","Day 5 Rollup üëá 

Ah, Saturdays... The discord was buzzing, but activity did slow. And that's a good thing! Weekends are for the family, dogs, sleeping in, and partying. üçª
As it should be. We're all humans. Let's remember to take care of what comes first. But we still did a ton.","2021-05-09 01:59 +0000","3000.0","106.0","0.035333333333333335","2.0","4.0","9.0","19.0","2.0","0.0","70.0","0.0","0","0","0","0","0","0","0","-","-","-","-","-","-","-","-","-","-","-","-","-","-","-","-","-","-"
"1391189060870295553","https://twitter.com/banklessDAO/status/1391189060870295553","A croissant said DAOs are cool. Bullish üìà https://t.co/bmxuFClFdj","2021-05-09 00:31 +0000","2292.0","34.0","0.014834205933682374","3.0","0.0","12.0","3.0","0.0","0.0","16.0","0.0","0","0","0","0","0","0","0","-","-","-","-","-","-","-","-","-","-","-","-","-","-","-","-","-","-"
"1391146064258818051","https://twitter.com/banklessDAO/status/1391146064258818051","@lou_quittin @RyanSAdams @thecryptobushi Don","2021-05-08 21:40 +0000","158.0","14.0","0.08860759493670886","0.0","0.0","3.0","1.0","0.0","0.0","10.0","0.0","0","0","0","0","0","0","0","-","-","-","-","-","-","-","-","-","-","-","-","-","-","-","-","-","-"
"1391123614682865667","https://twitter.com/banklessDAO/status/1391123614682865667","Sign up yourself: https://t.co/LrGdihmNql https://t.co/eNG5yv20pc","2021-05-08 20:11 +0000","4608.0","210.0","0.045572916666666664","4.0","0.0","7.0","12.0","89.0","0.0","98.0","0.0","0","0","0","0","0","0","0","-","-","-","-","-","-","-","-","-","-","-","-","-","-","-","-","-","-"
"1391122426667307008","https://twitter.com/banklessDAO/status/1391122426667307008","$BANK is held in over 2,500 unique wallets. Less than one thousand of those have traded on exchanges. IE. Most people are HOLDING üíéüôå","2021-05-08 20:06 +0000","1426.0","25.0","0.01753155680224404","0.0","0.0","14.0","6.0","0.0","0.0","5.0","0.0","0","0","0","0","0","0","0","-","-","-","-","-","-","-","-","-","-","-","-","-","-","-","-","-","-"
"1391122425060888580","https://twitter.com/banklessDAO/status/1391122425060888580","WETH is the Wei https://t.co/RuGY7ObnSi","2021-05-08 20:06 +0000","1423.0","14.0","0.009838369641602248","0.0","1.0","2.0","0.0","0.0","0.0","5.0","0.0","0","0","0","0","0","321","6","-","-","-","-","-","-","-","-","-","-","-","-","-","-","-","-","-","-"
"1391122414621261824","https://twitter.com/banklessDAO/status/1391122414621261824","Liquidity is going down üëá Counterintuitively, this is  üíØ a good thing. Right now, $BANK has no value. It shouldn't, our value proposition hasn't been made yet. Any trading would be rampant price speculation. Liquidity will open up when people start seeing the long term value.","2021-05-08 20:06 +0000","352.0","14.0","0.03977272727272727","0.0","1.0","1.0","1.0","0.0","0.0","11.0","0.0","0","0","0","0","0","0","0","-","-","-","-","-","-","-","-","-","-","-","-","-","-","-","-","-","-"
"1391122412968677376","https://twitter.com/banklessDAO/status/1391122412968677376","Dashboard by @paulapivat on $BANK is üî• Read the thread for insights

https://t.co/clV4xLdJQZ","2021-05-08 20:06 +0000","1983.0","157.0","0.07917297024710035","2.0","1.0","11.0","15.0","99.0","0.0","29.0","0.0","0","0","0","0","0","0","0","-","-","-","-","-","-","-","-","-","-","-","-","-","-","-","-","-","-"
"1391116569430790146","https://twitter.com/banklessDAO/status/1391116569430790146","@InsideTheSim @RyanSAdams Keep your eyes on the newsletter. You'll have your chance soon.","2021-05-08 19:43 +0000","270.0","18.0","0.06666666666666667","0.0","1.0","3.0","11.0","0.0","0.0","3.0","0.0","0","0","0","0","0","0","0","-","-","-","-","-","-","-","-","-","-","-","-","-","-","-","-","-","-"
"1391115951551090690","https://twitter.com/banklessDAO/status/1391115951551090690","@InsideTheSim @RyanSAdams Pretty damn good. But it can be pretty damn great if you join us.","2021-05-08 19:41 +0000","654.0","15.0","0.022935779816513763","0.0","1.0","4.0","6.0","0.0","0.0","4.0","0.0","0","0","0","0","0","0","0","-","-","-","-","-","-","-","-","-","-","-","-","-","-","-","-","-","-"
"1391106708395626496","https://twitter.com/banklessDAO/status/1391106708395626496","Source: https://t.co/ECpKbASNBH","2021-05-08 19:04 +0000","1959.0","173.0","0.08831036242981113","0.0","0.0","15.0","5.0","142.0","0.0","10.0","0.0","0","0","0","0","0","1","1","-","-","-","-","-","-","-","-","-","-","-","-","-","-","-","-","-","-"
"1391106642167488512","https://twitter.com/banklessDAO/status/1391106642167488512","No seriously, tell me how an incorporated company can match this productivity? Day 5. https://t.co/a6FJIMHQxc","2021-05-08 19:04 +0000","39950.0","3783.0","0.09469336670838548","13.0","10.0","103.0","177.0","7.0","0.0","886.0","0.0","0","0","0","0","0","2587","2587","-","-","-","-","-","-","-","-","-","-","-","-","-","-","-","-","-","-"
"1391091221234208773","https://twitter.com/banklessDAO/status/1391091221234208773","Bring @Snowden to @BanklessHQ üß≤ https://t.co/qQQy2hb9cw","2021-05-08 18:02 +0000","4573.0","81.0","0.017712661272687513","3.0","0.0","38.0","16.0","0.0","0.0","24.0","0.0","0","0","0","0","0","0","0","-","-","-","-","-","-","-","-","-","-","-","-","-","-","-","-","-","-"
"1391032030368989191","https://twitter.com/banklessDAO/status/1391032030368989191","Launched. https://t.co/zhNKB7PgaY","2021-05-08 14:07 +0000","2949.0","54.0","0.018311291963377416","0.0","3.0","28.0","10.0","0.0","0.0","13.0","0.0","0","0","0","0","0","0","0","-","-","-","-","-","-","-","-","-","-","-","-","-","-","-","-","-","-"
"1391031976568578051","https://twitter.com/banklessDAO/status/1391031976568578051","@RyanSAdams Launched.","2021-05-08 14:07 +0000","4200.0","112.0","0.02666666666666667","1.0","3.0","37.0","35.0","0.0","0.0","36.0","0.0","0","0","0","0","0","0","0","-","-","-","-","-","-","-","-","-","-","-","-","-","-","-","-","-","-"
"1390921521615495170","https://twitter.com/banklessDAO/status/1390921521615495170","Is this 21st century DAO-ism? https://t.co/BrcoZYI0IG","2021-05-08 06:48 +0000","5055.0","185.0","0.036597428288822946","9.0","2.0","48.0","12.0","0.0","0.0","40.0","0.0","0","0","0","0","0","74","74","-","-","-","-","-","-","-","-","-","-","-","-","-","-","-","-","-","-"
"1390900407447212032","https://twitter.com/banklessDAO/status/1390900407447212032","BanklessDAO Weekly Rollup (May 4-8th)

https://t.co/d66ak6sBOT","2021-05-08 05:24 +0000","6330.0","243.0","0.03838862559241706","6.0","5.0","29.0","13.0","140.0","0.0","50.0","0.0","0","0","0","0","0","0","0","-","-","-","-","-","-","-","-","-","-","-","-","-","-","-","-","-","-"
"1390893439265513483","https://twitter.com/banklessDAO/status/1390893439265513483","https://t.co/rtpXBPS5zR","2021-05-08 04:56 +0000","1315.0","19.0","0.014448669201520912","0.0","1.0","6.0","1.0","0.0","0.0","1.0","0.0","0","0","0","0","0","333","10","-","-","-","-","-","-","-","-","-","-","-","-","-","-","-","-","-","-"
"1390893342255370240","https://twitter.com/banklessDAO/status/1390893342255370240","There are dozens of us. DOZENS! https://t.co/sETggDQUeC","2021-05-08 04:56 +0000","1976.0","225.0","0.11386639676113361","2.0","2.0","11.0","14.0","0.0","0.0","32.0","0.0","0","0","0","0","0","164","164","-","-","-","-","-","-","-","-","-","-","-","-","-","-","-","-","-","-"
"1390846849032937472","https://twitter.com/banklessDAO/status/1390846849032937472","On behalf of the Bankless DAO https://t.co/B8pHwZ8yxX","2021-05-08 01:51 +0000","20386.0","1060.0","0.05199646816442657","12.0","5.0","38.0","79.0","107.0","0.0","176.0","0.0","0","0","0","0","0","2942","643","-","-","-","-","-","-","-","-","-","-","-","-","-","-","-","-","-","-"
"1390837454094028801","https://twitter.com/banklessDAO/status/1390837454094028801","@jawdreams We got 30 but the week is early yet my frens","2021-05-08 01:14 +0000","49.0","3.0","0.061224489795918366","0.0","0.0","0.0","3.0","0.0","0.0","0.0","0.0","0","0","0","0","0","0","0","-","-","-","-","-","-","-","-","-","-","-","-","-","-","-","-","-","-"
"1390837070122217472","https://twitter.com/banklessDAO/status/1390837070122217472","üí° https://t.co/nN1OXOGPIr","2021-05-08 01:12 +0000","2630.0","34.0","0.012927756653992395","0.0","0.0","11.0","17.0","0.0","0.0","6.0","0.0","0","0","0","0","0","0","0","-","-","-","-","-","-","-","-","-","-","-","-","-","-","-","-","-","-"
"1390823745107886080","https://twitter.com/banklessDAO/status/1390823745107886080","@jawdreams How many is a lot","2021-05-08 00:19 +0000","257.0","2.0","0.007782101167315175","0.0","0.0","0.0","0.0","0.0","0.0","2.0","0.0","0","0","0","0","0","0","0","-","-","-","-","-","-","-","-","-","-","-","-","-","-","-","-","-","-"
"1390822870645837824","https://twitter.com/banklessDAO/status/1390822870645837824","It's BanklessDAO's first week! Technically, that's not true. It's been less than 4 days. But a week's worth of stuff has happened! Read on to catch up.

https://t.co/d66ak6KcGr","2021-05-08 00:16 +0000","24323.0","293.0","0.012046211404843153","8.0","1.0","28.0","46.0","123.0","0.0","87.0","0.0","0","0","0","0","0","0","0","-","-","-","-","-","-","-","-","-","-","-","-","-","-","-","-","-","-"
